Workbook

Sheet DashBoard
A1: model / code | B1: Rate of successful conversion of C code to a mermaid diagram (n=100) | C1: Response tokens ave. | D1: backticks appear in resopnse
A2: =SUBSTITUTE(sheetNameRef!$A1, "-", " / ",2) -> GPT-3.5 / ft_strlen | B2: =COUNTIF(INDIRECT("'"&sheetNameRef!$A1&"'!A2:A101"),1) -> 90 | C2: =AVERAGEIF(INDIRECT("'"&sheetNameRef!$A1&"'!$A$2:$A$101"),1,INDIRECT("'"&sheetNameRef!$A1&"'!$B$2:$B$101")) -> 131.14444 | D2: =COUNTIF(INDIRECT("'"&sheetNameRef!$A1&"'!E2:E101"),"```*") -> 1
A3: =SUBSTITUTE(sheetNameRef!$A2, "-", " / ",2) -> GPT-3.5 / ft_bzero | B3: =COUNTIF(INDIRECT("'"&sheetNameRef!$A2&"'!A2:A101"),1) -> 56 | C3: =AVERAGEIF(INDIRECT("'"&sheetNameRef!$A2&"'!$A$2:$A$101"),1,INDIRECT("'"&sheetNameRef!$A2&"'!$B$2:$B$101")) -> 313.67857 | D3: =COUNTIF(INDIRECT("'"&sheetNameRef!$A2&"'!E2:E101"),"```*") -> 0
A4: =SUBSTITUTE(sheetNameRef!$A3, "-", " / ",2) -> GPT-3.5 / ft_memmove | B4: =COUNTIF(INDIRECT("'"&sheetNameRef!$A3&"'!A2:A101"),1) -> 61 | C4: =AVERAGEIF(INDIRECT("'"&sheetNameRef!$A3&"'!$A$2:$A$101"),1,INDIRECT("'"&sheetNameRef!$A3&"'!$B$2:$B$101")) -> 203.16393 | D4: =COUNTIF(INDIRECT("'"&sheetNameRef!$A3&"'!E2:E101"),"```*") -> 0
A5: =SUBSTITUTE(sheetNameRef!$A4, "-", " / ",2) -> GPT-3.5 / ft_atoi | B5: =COUNTIF(INDIRECT("'"&sheetNameRef!$A4&"'!A2:A101"),1) -> 40 | C5: =AVERAGEIF(INDIRECT("'"&sheetNameRef!$A4&"'!$A$2:$A$101"),1,INDIRECT("'"&sheetNameRef!$A4&"'!$B$2:$B$101")) -> 275.875 | D5: =COUNTIF(INDIRECT("'"&sheetNameRef!$A4&"'!E2:E101"),"```*") -> 1
A6: =SUBSTITUTE(sheetNameRef!$A5, "-", " / ",2) -> GPT-3.5 / ft_split | B6: =COUNTIF(INDIRECT("'"&sheetNameRef!$A5&"'!A2:A101"),1) -> 40 | C6: =AVERAGEIF(INDIRECT("'"&sheetNameRef!$A5&"'!$A$2:$A$101"),1,INDIRECT("'"&sheetNameRef!$A5&"'!$B$2:$B$101")) -> 406.05 | D6: =COUNTIF(INDIRECT("'"&sheetNameRef!$A5&"'!E2:E101"),"```*") -> 1
A7: =SUBSTITUTE(sheetNameRef!$A6, "-", " / ",2) -> GPT-4 / ft_strlen | B7: =COUNTIF(INDIRECT("'"&sheetNameRef!$A6&"'!A2:A101"),1) -> 100 | C7: =AVERAGEIF(INDIRECT("'"&sheetNameRef!$A6&"'!$A$2:$A$101"),1,INDIRECT("'"&sheetNameRef!$A6&"'!$B$2:$B$101")) -> 123.67
A8: =SUBSTITUTE(sheetNameRef!$A7, "-", " / ",2) -> GPT-4 / ft_bzero | B8: =COUNTIF(INDIRECT("'"&sheetNameRef!$A7&"'!A2:A101"),1) -> 98 | C8: =AVERAGEIF(INDIRECT("'"&sheetNameRef!$A7&"'!$A$2:$A$101"),1,INDIRECT("'"&sheetNameRef!$A7&"'!$B$2:$B$101")) -> 202.23469
A9: =SUBSTITUTE(sheetNameRef!$A8, "-", " / ",2) -> GPT-4 / ft_memmove | B9: =COUNTIF(INDIRECT("'"&sheetNameRef!$A8&"'!A2:A101"),1) -> 86 | C9: =AVERAGEIF(INDIRECT("'"&sheetNameRef!$A8&"'!$A$2:$A$101"),1,INDIRECT("'"&sheetNameRef!$A8&"'!$B$2:$B$101")) -> 269.47674
A10: =SUBSTITUTE(sheetNameRef!$A9, "-", " / ",2) -> GPT-4 / ft_atoi | B10: =COUNTIF(INDIRECT("'"&sheetNameRef!$A9&"'!A2:A101"),1) -> 68 | C10: =AVERAGEIF(INDIRECT("'"&sheetNameRef!$A9&"'!$A$2:$A$101"),1,INDIRECT("'"&sheetNameRef!$A9&"'!$B$2:$B$101")) -> 354.97059
A11: =SUBSTITUTE(sheetNameRef!$A10, "-", " / ",2) -> GPT-4 / ft_split | B11: =COUNTIF(INDIRECT("'"&sheetNameRef!$A10&"'!A2:A101"),1) -> 67 | C11: =AVERAGEIF(INDIRECT("'"&sheetNameRef!$A10&"'!$A$2:$A$101"),1,INDIRECT("'"&sheetNameRef!$A10&"'!$B$2:$B$101")) -> 655.37313
F12: name | G12: url
F13: =sheetNameRef!$A1 -> GPT-3.5-ft_strlen | G13: {=(INDEX(INDIRECT("'" & $F13 & "'!$F$2:$F$101"), MATCH(MAX(IF(INDIRECT("'" & $F13 & "'!$A$2:$A$101")=1, INDIRECT("'" & $F13 & "'!$B$2:$B$101"), 0)), INDIRECT("'" & $F13 & "'!$B$2:$B$101"), 0)))} -> https://mermaid.ink/img/JSV7aW5pdDp7J3RoZW1lJzonZm9yZXN0J319JSUKc2VxdWVuY2VEaWFncmFtCnBhcnRpY2lwYW50IE0gYXMgbWFpbigpCnBhcnRpY2lwYW50IEZTIGFzIGZ0X3N0cmxlbigpCnBhcnRpY2lwYW50IFBGIGFzIHByaW50ZigpCk0tPj5GUzogY2FsbCBmdF9zdHJsZW4oc3RyKQpub3RlIG92ZXIgRlM6IGkgPSAwCmxvb3Agd2hpbGUgc3RyW2ldICE9ICdcMCcKICAgIEZTLT4+RlM6IGluY3JlbWVudCBpCmVuZApGUy0tPj5NOiByZXR1cm4gaQpNLT4+UEY6IGNhbGwgcHJpbnRmKCJbJXNdIGlzICVkLlxuIiwgc3RyLCBpKQpQRi0tPj5NOiBQcmludCB0aGUgcmVzdWx0
F14: =sheetNameRef!$A2 -> GPT-3.5-ft_bzero | G14: {=INDEX(INDIRECT("'" & $F14 & "'!$F$2:$F$101"), MATCH(MAX(IF(INDIRECT("'" & $F14 & "'!$A$2:$A$101")=1, INDIRECT("'" & $F14 & "'!$B$2:$B$101"), 0)), INDIRECT("'" & $F14 & "'!$B$2:$B$101"), 0))} -> https://mermaid.ink/img/JSV7aW5pdDp7J3RoZW1lJzonZm9yZXN0J319JSUKc2VxdWVuY2VEaWFncmFtCnBhcnRpY2lwYW50IE0gYXMgbWFpbigpCnBhcnRpY2lwYW50IEZNQiBhcyBmdF9tZW1zZXQoKQpwYXJ0aWNpcGFudCBGQlogYXMgZnRfYnplcm8oKQpwYXJ0aWNpcGFudCBQIGFzIHByaW50ZigpCk0tPj5GQlo6IENhbGwgZnRfYnplcm8oc3RyLCA1KQpGQlotPj5GTUI6IENhbGwgZnRfbWVtc2V0KHN0ciwgMCwgNSkKbG9vcCB3aGlsZSBsZW4gPiAwCiAgICBub3RlIG92ZXIgRk1COiAqcHRyID0gdmFsCiAgICBGTUItPj5GTUI6IHB0cisrLCBsZW4tLQplbmQKTS0+PlA6IENhbGwgcHJpbnRmKCIwXG4iKQpNLT4+UDogQ2FsbCBwcmludGYoIiVjXG4iLCBzdHJbaV0pCk0tPj5GQlo6IENhbGwgZnRfYnplcm8oc3RyLCA1KQ==
F15: =sheetNameRef!$A3 -> GPT-3.5-ft_memmove | G15: {=INDEX(INDIRECT("'" & $F15 & "'!$F$2:$F$101"), MATCH(MAX(IF(INDIRECT("'" & $F15 & "'!$A$2:$A$101")=1, INDIRECT("'" & $F15 & "'!$B$2:$B$101"), 0)), INDIRECT("'" & $F15 & "'!$B$2:$B$101"), 0))} -> https://mermaid.ink/img/JSV7aW5pdDp7J3RoZW1lJzonZm9yZXN0J319JSUKc2VxdWVuY2VEaWFncmFtCnBhcnRpY2lwYW50IE0gYXMgbWFpbigpCnBhcnRpY2lwYW50IEZNIGFzIGZ0X21lbWNweSgpCnBhcnRpY2lwYW50IEZNViBhcyBmdF9tZW1tb3ZlKCkKcGFydGljaXBhbnQgUEYgYXMgcHJpbnRmKCkKTS0+PkZNVjogQ2FsbCBmdF9tZW1tb3ZlKGRlc3QsIHNyYywgMTEpCmFsdCBpZiBkIDwgcwpGTVYtPj5GTTogQ2FsbCBmdF9tZW1jcHkoZCwgcywgbGVuKQpGTS0+PkZNVjogQ2FsbCBmdF9tZW1jcHkoZCwgcywgbGVuKQpGTS0tPj5GTVY6IFJldHVybiBkc3QKZWxzZQpGTVYtPj5GTVY6IENvcHkgbGVuIGJ5dGVzIGZyb20gc3JjIHRvIGRzdAplbmQKTS0+PlBGOiBDYWxsIHByaW50ZigiY29waWVkIHN0cmluZyA6ICVzXG4iLCBkZXN0KQpQRi0tPj5NOiBQcmludCB0aGUgcmVzdWx0
F16: =sheetNameRef!$A4 -> GPT-3.5-ft_atoi | G16: {=INDEX(INDIRECT("'" & $F16 & "'!$F$2:$F$101"), MATCH(MAX(IF(INDIRECT("'" & $F16 & "'!$A$2:$A$101")=1, INDIRECT("'" & $F16 & "'!$B$2:$B$101"), 0)), INDIRECT("'" & $F16 & "'!$B$2:$B$101"), 0))} -> https://mermaid.ink/img/JSV7aW5pdDp7J3RoZW1lJzonZm9yZXN0J319JSUKc2VxdWVuY2VEaWFncmFtCnBhcnRpY2lwYW50IE0gYXMgbWFpbigpCnBhcnRpY2lwYW50IEZBIGFzIGZ0X2F0b2koKQpwYXJ0aWNpcGFudCBGSUQgYXMgZnRfaXNkaWdpdCgpCnBhcnRpY2lwYW50IEZJUyBhcyBmdF9pc3NwYWNlKCkKTS0+PkZBOiBDYWxsIGZ0X2F0b2koIjEyMzQ1Njc4OTAiKQpGQS0+PkZJUzogQ2FsbCBmdF9pc3NwYWNlKCcxJykKbG9vcCBXaGlsZSBpc3NwYWNlCiAgICBhbHQgaWYgKnN0ciA9PSAnLScgb3IgKnN0ciA9PSAnKycKICAgICAgICBGQS0tPj5GSVM6IFNraXAKICAgIGVsc2UKICAgICAgICBGSVMtPj5GSVM6IE1vdmUgdG8gbmV4dCBjaGFyYWN0ZXIKICAgIGVuZAplbmQKYWx0IGlmICpzdHIgPT0gJy0nCiAgICBub3RlIG92ZXIgRkE6IFNldCBpc19uZWcgPSAxCiAgICBGQS0+PkZBOiBNb3ZlIHRvIHRoZSBuZXh0IGNoYXJhY3RlcgplbHNlIGlmICpzdHIgPT0gJysnCiAgICBub3RlIG92ZXIgRkE6IFNldCBpc19uZWcgPSAwCiAgICBGQS0+PkZBOiBNb3ZlIHRvIHRoZSBuZXh0IGNoYXJhY3RlcgplbmQKbG9vcCBXaGlsZSBpc2RpZ2l0CiAgICBhbHQgaWYgaXNvdmVyZmxvdwogICAgICAgIG5vdGUgb3ZlciBGQTogQnJlYWsgdGhlIGxvb3AKICAgIGVsc2UKICAgICAgICBGQS0+PkZBOiBDYWxjdWxhdGUgbnVtCiAgICBlbmQKZW5kCmFsdCBpZiBpc19uZWcKICAgIEZBLS0+Pk06IHJldHVybiAoLW51bSkKZWxzZQogICAgRkEtLT4+TTogcmV0dXJuIG51bQplbmQKTS0+PnByaW50ZjogY2FsbCBwcmludGYoIiVkXG4iLCBpKQpwcmludGYtLT4+TTogUHJpbnQgdGhlIHJlc3VsdA==
F17: =sheetNameRef!$A5 -> GPT-3.5-ft_split | G17: {=INDEX(INDIRECT("'" & $F17 & "'!$F$2:$F$101"), MATCH(MAX(IF(INDIRECT("'" & $F17 & "'!$A$2:$A$101")=1, INDIRECT("'" & $F17 & "'!$B$2:$B$101"), 0)), INDIRECT("'" & $F17 & "'!$B$2:$B$101"), 0))} -> https://mermaid.ink/img/JSV7aW5pdDp7J3RoZW1lJzonZm9yZXN0J319JSUKc2VxdWVuY2VEaWFncmFtCnBhcnRpY2lwYW50IE0gYXMgbWFpbigpCnBhcnRpY2lwYW50IEZTTCBhcyBmdF9zdHJsZW4oKQpwYXJ0aWNpcGFudCBGTSBhcyBmdF9tZW1jcHkoKQpwYXJ0aWNpcGFudCBGUyBhcyBmdF9zdWJzdHIoKQpwYXJ0aWNpcGFudCBGTVMgYXMgZnRfbW92ZV9zcGxpdHN0YXJ0KCkKcGFydGljaXBhbnQgRkdTIGFzIGZ0X2dldF9zcGxpdGxlbigpCnBhcnRpY2lwYW50IEZHVCBhcyBmdF9nZXRfc3BsaXR0aW1lcygpCnBhcnRpY2lwYW50IEZGQSBhcyBmdF9mcmVlX2FycmF5KCkKTS0+PkZTOiBjYWxsIGZ0X3NwbGl0KHN0ciwgYykKYWx0IGlmIHN0ciBpcyBOVUxMCiAgICBGUy0tPj5NOiBSZXR1cm4gTlVMTAplbHNlIG90aGVyd2lzZQogICAgRkdULT4+RlM6IGNhbGwgZnRfZ2V0X3NwbGl0dGltZXMKICAgIGxvb3AgZm9yIGVhY2ggc3BsaXQgcGFydAogICAgICAgIEZTLT4+Rk1TOiBjYWxsIGZ0X21vdmVfc3BsaXRzdGFydAogICAgICAgIEZNUy0+PkZHUzogY2FsbCBmdF9nZXRfc3BsaXRsZW4KICAgICAgICBGR1MtPj5GUzogVXNlIGZ0X3N1YnN0ciB0byBnZXQgc3BsaXQgcGFydAogICAgICAgIGFsdCBpZiBmdF9zdWJzdHIgZmFpbHMKICAgICAgICAgICAgbm90ZSBvdmVyIEZTOiBmcmVlIHRoZSBtZW1vcnkgYW5kIHJldHVybiBOVUxMCiAgICAgICAgZWxzZSBvdGhlcndpc2UKICAgICAgICAgICAgRlMtPj5GUzogaW5jcmVtZW50IHJlc3VsdF9pCiAgICAgICAgZW5kCiAgICBlbmQKICAgIEZGQS0tPj5GUzogZnJlZSB0aGUgbWVtb3J5CiAgICBGUy0tPj5NOiBSZXR1cm4gcmVzdWx0CmVuZA==
F18: =sheetNameRef!$A6 -> GPT-4-ft_strlen | G18: {=INDEX(INDIRECT("'" & $F18 & "'!$F$2:$F$101"), MATCH(MAX(IF(INDIRECT("'" & $F18 & "'!$A$2:$A$101")=1, INDIRECT("'" & $F18 & "'!$B$2:$B$101"), 0)), INDIRECT("'" & $F18 & "'!$B$2:$B$101"), 0))} -> https://mermaid.ink/img/JSV7aW5pdDp7J3RoZW1lJzonZm9yZXN0J319JSUKc2VxdWVuY2VEaWFncmFtCnBhcnRpY2lwYW50IE0gYXMgbWFpbigpCnBhcnRpY2lwYW50IEZTTCBhcyBmdF9zdHJsZW4oKQpwYXJ0aWNpcGFudCBQRiBhcyBwcmludGYoKQoKbm90ZSBvdmVyIE06IGNoYXIgKnN0ciA9ICIxMjM0NTY3ODkwIgpub3RlIG92ZXIgTTogQ2FsbCBmdF9zdHJsZW4oc3RyKQpNLT4+RlNMOiBmdF9zdHJsZW4oc3RyKQpub3RlIG92ZXIgRlNMOiBpbml0aWFsaXplIHNpemVfdCBpID0gMApsb29wIHdoaWxlIHN0cltpXSAhPSAnXDAnCiAgICBGU0wtPj5GU0w6IGluY3JlbWVudCBpCmVuZApGU0wtLT4+TTogcmV0dXJuIGkKbm90ZSBvdmVyIE06IGludCBpID0gcmVzdWx0IGZyb20gZnRfc3RybGVuCm5vdGUgb3ZlciBNOiBDYWxsIHByaW50ZigiWyVzXSBpcyAlZC5cbiIsIHN0ciwgaSkKTS0+PlBGOiBwcmludGYoIlslc10gaXMgJWQuXG4iLCBzdHIsIGkpClBGLS0+Pk06IFByaW50IHRoZSByZXN1bHQK
F19: =sheetNameRef!$A7 -> GPT-4-ft_bzero | G19: {=INDEX(INDIRECT("'" & $F19 & "'!$F$2:$F$101"), MATCH(MAX(IF(INDIRECT("'" & $F19 & "'!$A$2:$A$101")=1, INDIRECT("'" & $F19 & "'!$B$2:$B$101"), 0)), INDIRECT("'" & $F19 & "'!$B$2:$B$101"), 0))} -> https://mermaid.ink/img/JSV7aW5pdDp7J3RoZW1lJzonZm9yZXN0J319JSUKc2VxdWVuY2VEaWFncmFtCnBhcnRpY2lwYW50IE0gYXMgbWFpbigpCnBhcnRpY2lwYW50IEZNQiBhcyBmdF9iemVybygpCnBhcnRpY2lwYW50IEZNUyBhcyBmdF9tZW1zZXQoKQpwYXJ0aWNpcGFudCBQRiBhcyBwcmludGYoKQoKbm90ZSBvdmVyIE06IGNoYXIgc3RyW10gaXMgaW5pdGlhbGl6ZWQgd2l0aCAiMTIzNDU2Nzg5MCIKbm90ZSBvdmVyIE06IGkgaXMgaW5pdGlhbGl6ZWQgd2l0aCAwCk0tPj5GTUI6IENhbGwgZnRfYnplcm8oc3RyLCA1KQpGTUItPj5GTVM6IENhbGwgZnRfbWVtc2V0KHMsIDAsIGxlbikKbm90ZSBvdmVyIEZNUzogSW5pdGlhbGl6ZSBwdHIgdG8gcG9pbnQgdG8gZHN0Cmxvb3Agd2hpbGUgbGVuID4gMAogICAgbm90ZSBvdmVyIEZNUzogU2V0ICpwdHIgdG8gdmFsIGFuZCBpbmNyZW1lbnQgcHRyCiAgICBGTVMtPj5GTVM6IERlY3JlbWVudCBsZW4gYnkgMQplbmQKRk1TLS0+PkZNQjogUmV0dXJuIGRzdApGTUItLT4+TTogUmV0dXJuIGZyb20gZnRfYnplcm8KbG9vcCBpIDwgMTAKICAgIGFsdCBpZiBzdHJbaV0gPT0gJ1wwJwogICAgICAgIE0tPj5QRjogQ2FsbCBwcmludGYoIjBcbiIpCiAgICAgICAgbm90ZSBvdmVyIFBGOiBQcmludCAiMCIKICAgIGVsc2UgT3RoZXJ3aXNlCiAgICAgICAgTS0+PlBGOiBDYWxsIHByaW50ZigiJWNcbiIsIHN0cltpXSkKICAgICAgICBub3RlIG92ZXIgUEY6IFByaW50IHRoZSBjaGFyYWN0ZXIgaW4gc3RyW2ldCiAgICBlbmQKICAgIG5vdGUgb3ZlciBNOiBJbmNyZW1lbnQgaSBieSAxCmVuZA==
F20: =sheetNameRef!$A8 -> GPT-4-ft_memmove | G20: {=INDEX(INDIRECT("'" & $F20 & "'!$F$2:$F$101"), MATCH(MAX(IF(INDIRECT("'" & $F20 & "'!$A$2:$A$101")=1, INDIRECT("'" & $F20 & "'!$B$2:$B$101"), 0)), INDIRECT("'" & $F20 & "'!$B$2:$B$101"), 0))} -> https://mermaid.ink/img/JSV7aW5pdDp7J3RoZW1lJzonZm9yZXN0J319JSUKc2VxdWVuY2VEaWFncmFtCnBhcnRpY2lwYW50IE0gYXMgbWFpbigpCnBhcnRpY2lwYW50IEZNTSBhcyBmdF9tZW1tb3ZlKCkKcGFydGljaXBhbnQgRk1DUCBhcyBmdF9tZW1jcHkoKQpwYXJ0aWNpcGFudCBQRiBhcyBwcmludGYoKQpub3RlIG92ZXIgTTogY2hhciBzcmNbXSBpbml0aWFsaXplZApub3RlIG92ZXIgTTogY2hhciBkZXN0WzUwXSBpbml0aWFsaXplZApNLT4+Rk1NOiBDYWxsIGZ0X21lbW1vdmUoZGVzdCwgc3JjLCAxMSkKbm90ZSBvdmVyIEZNTTogdW5zaWduZWQgY2hhciAqZCwgKnMgaW5pdGlhbGl6ZWQKYWx0IGlmIGQgPT0gcwogICAgRk1NLS0+Pk06IHJldHVybiBkc3QKZWxzZSBpZiBkIDwgcwogICAgRk1NLT4+Rk1DUDogQ2FsbCBmdF9tZW1jcHkoZCwgcywgbGVuKQogICAgbm90ZSBvdmVyIEZNQ1A6IHVuc2lnbmVkIGNoYXIgKnB0ciBpbml0aWFsaXplZAogICAgYWx0IGlmIGRzdCA9PSBzcmMKICAgICAgICBGTUNQLS0+PkZNTTogcmV0dXJuIGRzdAogICAgZWxzZSBXaGlsZSBsZW4tLSA+IDAKICAgICAgICBsb29wIENvcHkgYnl0ZSBieSBieXRlCiAgICAgICAgICAgIG5vdGUgb3ZlciBGTUNQOiAqcHRyKysgPSAqKHVuc2lnbmVkIGNoYXIgKilzcmMrKwogICAgICAgIGVuZAogICAgZW5kCiAgICBGTUNQLS0+PkZNTTogcmV0dXJuIGRzdAplbHNlIE90aGVyd2lzZSBDb3B5IGZyb20gZW5kIGlmIGQgPiBzCiAgICBhbHQgd2hpbGUgbGVuID4gMAogICAgICAgIGxvb3AgQ29weSBieXRlIGJ5IGJ5dGUgYmFja3dhcmRzCiAgICAgICAgICAgIG5vdGUgb3ZlciBGTU06ICooZCArIChsZW4gLSAxKSkgPSAqKHVuc2lnbmVkIGNoYXIgKikocyArIChsZW4gLSAxKSkKICAgICAgICAgICAgRk1NLT4+Rk1NOiBkZWNyZW1lbnQgbGVuCiAgICAgICAgZW5kCiAgICBlbmQKZW5kCkZNTS0tPj5NOiBSZXR1cm4gZHN0IHBvaW50ZXIgYWZ0ZXIgbWVtbW92ZQpNLT4+UEY6IENhbGwgcHJpbnRmKCJjb3BpZWQgc3RyaW5nIDogJXNcbiIsIGRlc3QpClBGLS0+Pk06IEZ1bmN0aW9uIHByaW50cyB0aGUgY29waWVkIHN0cmluZwpub3RlIG92ZXIgTTogUmV0dXJuIDAgKGV4aXQgbWFpbigpKQ==
F21: =sheetNameRef!$A9 -> GPT-4-ft_atoi | G21: {=INDEX(INDIRECT("'" & $F21 & "'!$F$2:$F$101"), MATCH(MAX(IF(INDIRECT("'" & $F21 & "'!$A$2:$A$101")=1, INDIRECT("'" & $F21 & "'!$B$2:$B$101"), 0)), INDIRECT("'" & $F21 & "'!$B$2:$B$101"), 0))} -> https://mermaid.ink/img/JSV7aW5pdDp7J3RoZW1lJzonZm9yZXN0J319JSUKc2VxdWVuY2VEaWFncmFtCnBhcnRpY2lwYW50IG1haW4gYXMgbWFpbigpCnBhcnRpY2lwYW50IGZ0X2lzZGlnaXQgYXMgZnRfaXNkaWdpdCgpCnBhcnRpY2lwYW50IGZ0X2lzc3BhY2UgYXMgZnRfaXNzcGFjZSgpCnBhcnRpY2lwYW50IGZ0X2lzb3ZlcmZsb3cgYXMgZnRfaXNvdmVyZmxvdygpCnBhcnRpY2lwYW50IGZ0X2F0b2kgYXMgZnRfYXRvaSgpCnBhcnRpY2lwYW50IHByaW50ZiBhcyBwcmludGYoKQoKbm90ZSBvdmVyIG1haW46IGNoYXIgKnN0ciA9ICIxMjM0NTY3ODkwIgptYWluLT4+ZnRfYXRvaTogQ2FsbCBmdF9hdG9pKHN0cikKbm90ZSBvdmVyIGZ0X2F0b2k6IGxvbmcgbnVtID0gMFxuaW50IGlzX25lZyA9IDAKbG9vcCB1bnRpbCBub3QgZnRfaXNzcGFjZSgqc3RyKQogICAgZnRfYXRvaS0+PmZ0X2lzc3BhY2U6IENhbGwgZnRfaXNzcGFjZSgqc3RyKQogICAgYWx0IGZ0X2lzc3BhY2UoKSB0cnVlCiAgICAgICAgbm90ZSBvdmVyIGZ0X2lzc3BhY2U6IFJldHVybnMgMSwgY29udGludWUKICAgIGVsc2UgZnRfaXNzcGFjZSgpIGZhbHNlCiAgICAgICAgbm90ZSBvdmVyIGZ0X2lzc3BhY2U6IFJldHVybnMgMCwgZXhpdCBsb29wCiAgICBlbmQKICAgIGZ0X2lzc3BhY2UtLT4+ZnRfYXRvaTogUmV0dXJuIGNvbnRyb2wKZW5kCmFsdCBzdHIgPT0gJy0nCiAgICBub3RlIG92ZXIgZnRfYXRvaTogaXNfbmVnID0gMQplbHNlIHN0ciA9PSAnKycgb3IgZGlnaXQKICAgIG5vdGUgb3ZlciBmdF9hdG9pOiBDb250aW51ZSB3aXRob3V0IGNoYW5nZQplbmQKbG9vcCB1bnRpbCBub3QgZnRfaXNkaWdpdCgqc3RyKQogICAgZnRfYXRvaS0+PmZ0X2lzZGlnaXQ6IENhbGwgZnRfaXNkaWdpdCgqc3RyKQogICAgYWx0IGZ0X2lzZGlnaXQoKSB0cnVlCiAgICAgICAgbm90ZSBvdmVyIGZ0X2lzZGlnaXQ6IFJldHVybnMgMQogICAgICAgIGZ0X2F0b2ktPj5mdF9pc292ZXJmbG93OiBmdF9pc292ZXJmbG93KCZudW0sIGlzX25lZywgKnN0ciAtICcwJykKICAgICAgICBhbHQgZnRfaXNvdmVyZmxvdygpIHRydWUKICAgICAgICAgICAgbm90ZSBvdmVyIGZ0X2lzb3ZlcmZsb3c6IFJldHVybnMgMSwgbnVtIHNldCB0byBMT05HX01BWCBvciBMT05HX01JTgogICAgICAgICAgICBmdF9pc292ZXJmbG93LS0+PmZ0X2F0b2k6IEJyZWFrIGxvb3AKICAgICAgICBlbHNlIGZ0X2lzb3ZlcmZsb3coKSBmYWxzZQogICAgICAgICAgICBub3RlIG92ZXIgZnRfaXNvdmVyZmxvdzogUmV0dXJucyAwLCBjb250aW51ZQogICAgICAgICAgICBub3RlIG92ZXIgZnRfYXRvaTogbnVtID0gbnVtICogMTAgKyAoKnN0cisrIC0gJzAnKQogICAgICAgIGVuZAogICAgICAgIGZ0X2lzb3ZlcmZsb3ctLT4+ZnRfYXRvaTogUmV0dXJuCiAgICBlbHNlIGZ0X2lzZGlnaXQoKSBmYWxzZQogICAgICAgIG5vdGUgb3ZlciBmdF9pc2RpZ2l0OiBSZXR1cm5zIDAsIGV4aXQgbG9vcAogICAgZW5kCiAgICBmdF9pc2RpZ2l0LS0+PmZ0X2F0b2k6IFJldHVybiBjb250cm9sCmVuZAphbHQgaWYgaXNfbmVnCiAgICBmdF9hdG9pLS0+Pm1haW46IFJldHVybiAtbnVtCmVsc2UKICAgIGZ0X2F0b2ktLT4+bWFpbjogUmV0dXJuIG51bQplbmQKbm90ZSBvdmVyIG1haW46IGludCBpID0gZnRfYXRvaShzdHIpCm1haW4tPj5wcmludGY6IENhbGwgcHJpbnRmKCIlZFxuIiwgaSkKcHJpbnRmLS0+Pm1haW46IFByaW50IHRoZSByZXN1bHQ=
F22: =sheetNameRef!$A10 -> GPT-4-ft_split | G22: {=INDEX(INDIRECT("'" & $F22 & "'!$F$2:$F$101"), MATCH(MAX(IF(INDIRECT("'" & $F22 & "'!$A$2:$A$101")=1, INDIRECT("'" & $F22 & "'!$B$2:$B$101"), 0)), INDIRECT("'" & $F22 & "'!$B$2:$B$101"), 0))} -> https://mermaid.ink/img/JSV7aW5pdDp7J3RoZW1lJzonZm9yZXN0J319JSUKc2VxdWVuY2VEaWFncmFtCnBhcnRpY2lwYW50IE0gYXMgbWFpbigpCnBhcnRpY2lwYW50IEZTIGFzIGZ0X3NwbGl0KCkKcGFydGljaXBhbnQgRkdTIGFzIGZ0X2dldF9zcGxpdHRpbWVzKCkKcGFydGljaXBhbnQgRk1TIGFzIGZ0X21vdmVfc3BsaXRzdGFydCgpCnBhcnRpY2lwYW50IEZHTCBhcyBmdF9nZXRfc3BsaXRsZW4oKQpwYXJ0aWNpcGFudCBGU1MgYXMgZnRfc3Vic3RyKCkKcGFydGljaXBhbnQgRlNMRU4gYXMgZnRfc3RybGVuKCkKcGFydGljaXBhbnQgRkNQWSBhcyBmdF9tZW1jcHkoKQpwYXJ0aWNpcGFudCBGRkEgYXMgZnRfZnJlZV9hcnJheSgpCnBhcnRpY2lwYW50IFBNIGFzIHByaW50ZigpCgpub3RlIG92ZXIgTTogY2hhciAqKnJlc3VsdApub3RlIG92ZXIgTTogY2hhciAqc3RyID0gInNwbGl0ICB8fHRoaXN8Zm9yfG1lfHx8fHwhfCIgCm5vdGUgb3ZlciBNOiBjaGFyIGMgPSAnfCcKCk0tPj5GUzogQ2FsbCBmdF9zcGxpdChzdHIsIGMpCm5vdGUgb3ZlciBGUzogSW5pdGlhbGl6ZSByZXN1bHRfaSA9IDAKbm90ZSBvdmVyIEZTOiBJbml0aWFsaXplIHNwbGl0X2NvdW50ID0gZnRfZ2V0X3NwbGl0dGltZXMoc3RyLCBjKQpGUy0+PkZHUzogQ2FsbCBmdF9nZXRfc3BsaXR0aW1lcyhzdHIsIGMpCmxvb3Agd2hpbGUgKnN0ciAhPSAnXDAnCiAgICBub3RlIG92ZXIgRkdTOiBjb3VudCA9IGZ0X21vdmVfc3BsaXRzdGFydChzdHIsIGMpCiAgICBGR1MtPj5GTVM6IENhbGwgZnRfbW92ZV9zcGxpdHN0YXJ0KHN0ciwgYykKICAgIGxvb3Agd2hpbGUgc3RyW2NvdW50XSBpcyBkZWxpbWl0ZXIKICAgICAgICBGTVMtPj5GTVM6IGluY3JlbWVudCBjb3VudAogICAgZW5kCiAgICBub3RlIG92ZXIgRkdTOiBzdHIgKz0gY291bnQgKHNraXAgZGVsaW1pdGVycykKICAgIGFsdCBpZiAqc3RyID09ICdcMCcKICAgICAgICBub3RlIG92ZXIgRkdTOiBCcmVhayAoZW5kIG9mIHN0cmluZyBmb3VuZCkKICAgIGVsc2UgT3RoZXJ3aXNlCiAgICAgICAgbm90ZSBvdmVyIEZHUzogY291bnQgPSBmdF9nZXRfc3BsaXRsZW4oc3RyLCBjKQogICAgICAgIEZHUy0+PkZHTDogQ2FsbCBmdF9nZXRfc3BsaXRsZW4oc3RyLCBjKQogICAgICAgIGxvb3Agd2hpbGUgc3RyW2NvdW50XSBpcyBub3QgZGVsaW1pdGVyCiAgICAgICAgICAgIEZHTC0+PkZHTDogaW5jcmVtZW50IGNvdW50CiAgICAgICAgZW5kCiAgICAgICAgbm90ZSBvdmVyIEZHUzogZWxlbSsrIChjb3VudCBhIG5vbi1lbXB0eSBzdHJpbmcpCiAgICAgICAgbm90ZSBvdmVyIEZHUzogc3RyICs9IGNvdW50IChtb3ZlIHRvIG5leHQgc2VnbWVudCkKICAgIGVuZAplbmQKRkdTLS0+PkZTOiByZXR1cm4gZWxlbSAoTnVtYmVyIG9mIHNlZ21lbnRzKQoKYWx0IGlmICFyZXN1bHQgKG1hbGxvYyBmYWlsKQogICAgRlMtLT4+TTogcmV0dXJuIE5VTEwKZWxzZSBPdGhlcndpc2UKICAgIGxvb3Agd2hpbGUgcmVzdWx0X2kgPCBzcGxpdF9jb3VudAogICAgICAgIG5vdGUgb3ZlciBGUzogc3RyICs9IGZ0X21vdmVfc3BsaXRzdGFydChzdHIsIGMpIChTa2lwIGRlbGltaXRlcnMpCiAgICAgICAgRlMtPj5GTVM6IENhbGwgZnRfbW92ZV9zcGxpdHN0YXJ0KHN0ciwgYykKICAgICAgICBsb29wIHdoaWxlIHN0cltjb3VudF0gaXMgZGVsaW1pdGVyCiAgICAgICAgICAgIEZNUy0+PkZNUzogaW5jcmVtZW50IGNvdW50CiAgICAgICAgZW5kCiAgICAgICAgbm90ZSBvdmVyIEZTOiBzcGxpdF9sZW4gPSBmdF9nZXRfc3BsaXRsZW4oc3RyLCBjKQogICAgICAgIEZTLT4+RkdMOiBDYWxsIGZ0X2dldF9zcGxpdGxlbihzdHIsIGMpCiAgICAgICAgbG9vcCB3aGlsZSBzdHJbY291bnRdIGlzIG5vdCBkZWxpbWl0ZXIKICAgICAgICAgICAgRkdMLT4+RkdMOiBpbmNyZW1lbnQgY291bnQKICAgICAgICBlbmQKICAgICAgICBub3RlIG92ZXIgRlM6IHJlc3VsdFtyZXN1bHRfaV0gPSBmdF9zdWJzdHIoc3RyLCAwLCBzcGxpdF9sZW4pCiAgICAgICAgRlMtPj5GU1M6IENhbGwgZnRfc3Vic3RyKHN0ciwgMCwgc3BsaXRfbGVuKQogICAgICAgIG5vdGUgb3ZlciBGU1M6IHNpemUgPSBmdF9zdHJsZW4oc3RyKQogICAgICAgIEZTUy0+PkZTTEVOOiBDYWxsIGZ0X3N0cmxlbihzdHIpCiAgICAgICAgbG9vcCB3aGlsZSBzdHJbaV0gIT0gJ1wwJwogICAgICAgICAgICBGU0xFTi0+PkZTTEVOOiBpbmNyZW1lbnQgaQogICAgICAgIGVuZAogICAgICAgIEZTTEVOLS0+PkZTUzogcmV0dXJuIGkKICAgICAgICAKICAgICAgICBhbHQgaWYgc2l6ZSA8PSBzdGFydAogICAgICAgICAgICBub3RlIG92ZXIgRlNTOiBzaXplID0gMAogICAgICAgIGVsc2UgT3RoZXJ3aXNlCiAgICAgICAgICAgIG5vdGUgb3ZlciBGU1M6IHNpemUgPSBzaXplIC0gc3RhcnQKICAgICAgICAgICAgYWx0IGlmIHNpemUgPiBsZW4KICAgICAgICAgICAgICAgIG5vdGUgb3ZlciBGU1M6IHNpemUgPSBsZW4KICAgICAgICAgICAgZW5kCiAgICAgICAgZW5kCgogICAgICAgIGFsdCBpZiAhcmVzdWx0IChtYWxsb2MgZmFpbCkKICAgICAgICAgICAgRlNTLS0+PkZTOiByZXR1cm4gTlVMTAogICAgICAgIGVsc2UgT3RoZXJ3aXNlCiAgICAgICAgICAgIG5vdGUgb3ZlciBGU1M6IGZ0X21lbWNweShyZXN1bHQsIHN0ciArIHN0YXJ0LCBzaXplKQogICAgICAgICAgICBGU1MtPj5GQ1BZOiBDYWxsIGZ0X21lbWNweShyZXN1bHQsIHN0ciArIHN0YXJ0LCBzaXplKQogICAgICAgICAgICBub3RlIG92ZXIgRkNQWTogcHRyID0gZHN0CiAgICAgICAgICAgIGxvb3Agd2hpbGUgbGVuID4gMAogICAgICAgICAgICAgICAgRkNQWS0+PkZDUFk6IGNvcHkgYnl0ZSBmcm9tIHNyYyB0byBkc3QgYW5kIGluY3JlbWVudCBwb2ludGVycwogICAgICAgICAgICAgICAgbm90ZSBvdmVyIEZDUFk6IGxlbi0tCiAgICAgICAgICAgIGVuZAogICAgICAgICAgICBGQ1BZLS0+PkZTUzogcmV0dXJuIGRzdAogICAgICAgICAgICBub3RlIG92ZXIgRlNTOiAqKHJlc3VsdCArIHNpemUpID0gJ1wwJwogICAgICAgICAgICBGU1MtLT4+RlM6IHJldHVybiByZXN1bHQKICAgICAgICBlbmQKCiAgICAgICAgYWx0IGlmICFyZXN1bHRbcmVzdWx0X2ldCiAgICAgICAgICAgIEZTLT4+RkZBOiBDYWxsIGZ0X2ZyZWVfYXJyYXkocmVzdWx0KQogICAgICAgICAgICBsb29wIHdoaWxlIHJlc3VsdFtpXQogICAgICAgICAgICAgICAgRkZBLT4+RkZBOiBmcmVlKHJlc3VsdFtpXSkgJiBpbmNyZW1lbnQgaQogICAgICAgICAgICBlbmQKICAgICAgICAgICAgRkZBLS0+PkZTOiBmcmVlKHJlc3VsdCkgJiByZXR1cm4gTlVMTAogICAgICAgICAgICBGUy0tPj5NOiByZXR1cm4gTlVMTAogICAgICAgIGVuZAogICAgICAgIAogICAgICAgIG5vdGUgb3ZlciBGUzogc3RyICs9IHNwbGl0X2xlbgogICAgICAgIG5vdGUgb3ZlciBGUzogcmVzdWx0X2krKwogICAgZW5kCmVuZAoKRlMtLT4+TTogcmV0dXJuIHJlc3VsdCAoU3BsaXQgc3RyaW5nIGFycmF5KQoKbm90ZSBvdmVyIE06IFByaW50aW5nIGVhY2ggc3RyaW5nIGluIHJlc3VsdApsb29wIHdoaWxlIHJlc3VsdFtpXQogICAgTS0+PlBNOiBDYWxsIHByaW50ZigiJXNcbiIsIHJlc3VsdFtpXSkKICAgIFBNLS0+Pk06IFByaW50IHRoZSBzdHJpbmcgYXQgcmVzdWx0W2ldCmVuZAo=

Sheet sheetNameRef
A1: GPT-3.5-ft_strlen
A2: GPT-3.5-ft_bzero
A3: GPT-3.5-ft_memmove
A4: GPT-3.5-ft_atoi
A5: GPT-3.5-ft_split
A6: GPT-4-ft_strlen
A7: GPT-4-ft_bzero
A8: GPT-4-ft_memmove
A9: GPT-4-ft_atoi
A10: GPT-4-ft_split
A11: GPT-4-ft_printf
A12: GPT-3.5-errorInput

Sheet promptTest
B1: Rate of three backticks for code blocks included in the response (n=100)
A2: same prompt as GPT-4 | B2: =COUNTIF('GPT-3.5-test0-testInput'!$E$2:$E$101,"```*") -> 96
A3: test1 | B3: =COUNTIF('GPT-3.5-test1-testInput'!$E$2:$E$101,"```*") -> 69
A4: test2 | B4: =COUNTIF('GPT-3.5-test2-testInput'!$E$2:$E$101,"```*") -> 59
A5: test3 | B5: =COUNTIF('GPT-3.5-test3-testInput'!$E$2:$E$101,"```*") -> 6
A6: function calling | B6: =COUNTIF('GPT-3.5-testInput'!$E$2:$E$101,"```*") -> 1

Sheet GPT-3.5-testInput
A1: status | B1: comp | C1: prompt | D1: total | E1: mermaid | F1: url | G1: filename | H1: input
A2: 1 | B2: 140 | C2: 1215 | D2: 1355 | E2: sequenceDiagram participant M as main() participant FSL as ft_strlen() participant FSLCPY as ft_strlcpy() participant PF as printf() M->>FSLCPY: call ft_strlcpy(dst, src, 11) FSLCPY->>FSL: call ft_strlen(src) FSL-->>FSLCPY: return 10 FSLCPY->>PF: call printf("[%s] is %d.\n", dst, 10) PF-->>M: [1234567890] is 10. | F2: https://mermaid.ink/img/JSV7aW5pdDp7J3RoZW1lJzonZm9yZXN0J319JSUKc2VxdWVuY2VEaWFncmFtCnBhcnRpY2lwYW50IE0gYXMgbWFpbigpCnBhcnRpY2lwYW50IEZTTCBhcyBmdF9zdHJsZW4oKQpwYXJ0aWNpcGFudCBGU0xDUFkgYXMgZnRfc3RybGNweSgpCnBhcnRpY2lwYW50IFBGIGFzIHByaW50ZigpCk0tPj5GU0xDUFk6IGNhbGwgZnRfc3RybGNweShkc3QsIHNyYywgMTEpCkZTTENQWS0+PkZTTDogY2FsbCBmdF9zdHJsZW4oc3JjKQpGU0wtLT4+RlNMQ1BZOiByZXR1cm4gMTAKRlNMQ1BZLT4+UEY6IGNhbGwgcHJpbnRmKCJbJXNdIGlzICVkLlxuIiwgZHN0LCAxMCkKUEYtLT4+TTogWzEyMzQ1Njc4OTBdIGlzIDEwLg== | G2: ft_strlcpy | H2: #include <stdio.h> size_t ft_strlen(const char *str) { size_t i; i = 0; while (str[i] != '\0') i++; return (i); } size_t ft_strlcpy(char *dst, const char *src, size_t size) { size_t i; i = 0; if (size > 0) { while (src[i] != '\0' && i < (size - 1)) { dst[i] = src[i]; i++; } dst[i] = '\0'; } return (ft_strlen(src)); } int main() { char *src = "1234567890"; char dst[50]; int i = ft_strlcpy(dst, src, 11); printf("[%s] is %d.\n", dst, i); }
A3: 1 | B3: 192 | C3: 1215 | D3: 1407 | E3: sequenceDiagram participant M as main() participant FSL as ft_strlen() participant FSLC as ft_strlcpy() participant PF as printf() M->>FSLC: Call ft_strlcpy(dst, src, 11) alt if size > 0 FSLC->>FSL: Call ft_strlen(src) FSL-->>FSLC: Return length of src FSLC->>FSLC: Copy characters from src to dst FSLC->>FSLC: Append null character to dst FSLC-->>M: Return length of src else Otherwise FSLC-->>M: Return 0 end M->>PF: call printf("[%s] is %d.\n", dst, i) PF-->>M: Print the result | F3: https://mermaid.ink/img/JSV7aW5pdDp7J3RoZW1lJzonZm9yZXN0J319JSUKc2VxdWVuY2VEaWFncmFtCnBhcnRpY2lwYW50IE0gYXMgbWFpbigpCnBhcnRpY2lwYW50IEZTTCBhcyBmdF9zdHJsZW4oKQpwYXJ0aWNpcGFudCBGU0xDIGFzIGZ0X3N0cmxjcHkoKQpwYXJ0aWNpcGFudCBQRiBhcyBwcmludGYoKQpNLT4+RlNMQzogQ2FsbCBmdF9zdHJsY3B5KGRzdCwgc3JjLCAxMSkKYWx0IGlmIHNpemUgPiAwCkZTTEMtPj5GU0w6IENhbGwgZnRfc3RybGVuKHNyYykKRlNMLS0+PkZTTEM6IFJldHVybiBsZW5ndGggb2Ygc3JjCkZTTEMtPj5GU0xDOiBDb3B5IGNoYXJhY3RlcnMgZnJvbSBzcmMgdG8gZHN0CkZTTEMtPj5GU0xDOiBBcHBlbmQgbnVsbCBjaGFyYWN0ZXIgdG8gZHN0CkZTTEMtLT4+TTogUmV0dXJuIGxlbmd0aCBvZiBzcmMKZWxzZSBPdGhlcndpc2UKRlNMQy0tPj5NOiBSZXR1cm4gMAplbmQKTS0+PlBGOiBjYWxsIHByaW50ZigiWyVzXSBpcyAlZC5cbiIsIGRzdCwgaSkKUEYtLT4+TTogUHJpbnQgdGhlIHJlc3VsdA== | G3: ft_strlcpy | H3: #include <stdio.h> size_t ft_strlen(const char *str) { size_t i; i = 0; while (str[i] != '\0') i++; return (i); } size_t ft_strlcpy(char *dst, const char *src, size_t size) { size_t i; i = 0; if (size > 0) { while (src[i] != '\0' && i < (size - 1)) { dst[i] = src[i]; i++; } dst[i] = '\0'; } return (ft_strlen(src)); } int main() { char *src = "1234567890"; char dst[50]; int i = ft_strlcpy(dst, src, 11); printf("[%s] is %d.\n", dst, i); }
A4: 1 | B4: 300 | C4: 1215 | D4: 1515 | E4: sequenceDiagram participant M as main() participant FSL as ft_strlen() participant FSLC as ft_strlcpy() participant P as printf() M->>FSLC: call ft_strlcpy(dst, src, 11) FSLC->>P: return (ft_strlen(src)) P-->>M: Print result | F4: https://mermaid.ink/img/JSV7aW5pdDp7J3RoZW1lJzonZm9yZXN0J319JSUKc2VxdWVuY2VEaWFncmFtCiAgICBwYXJ0aWNpcGFudCBNIGFzIG1haW4oKQogICAgcGFydGljaXBhbnQgRlNMIGFzIGZ0X3N0cmxlbigpCiAgICBwYXJ0aWNpcGFudCBGU0xDIGFzIGZ0X3N0cmxjcHkoKQogICAgcGFydGljaXBhbnQgUCBhcyBwcmludGYoKQogICAgCiAgICBNLT4+RlNMQzogY2FsbCBmdF9zdHJsY3B5KGRzdCwgc3JjLCAxMSkKICAgIEZTTEMtPj5QOiByZXR1cm4gKGZ0X3N0cmxlbihzcmMpKQogICAgUC0tPj5NOiBQcmludCByZXN1bHQKICAgIA== | G4: ft_strlcpy | H4: #include <stdio.h> size_t ft_strlen(const char *str) { size_t i; i = 0; while (str[i] != '\0') i++; return (i); } size_t ft_strlcpy(char *dst, const char *src, size_t size) { size_t i; i = 0; if (size > 0) { while (src[i] != '\0' && i < (size - 1)) { dst[i] = src[i]; i++; } dst[i] = '\0'; } return (ft_strlen(src)); } int main() { char *src = "1234567890"; char dst[50]; int i = ft_strlcpy(dst, src, 11); printf("[%s] is %d.\n", dst, i); }
A5: 0 | B5: 198 | C5: 1215 | D5: 1413 | E5: sequenceDiagram participant M as main() participant FSL as ft_strlen() participant FSLC as ft_strlcpy() participant PF as printf() M->>FSLC: call ft_strlcpy(dst, src, 11) note over FSLC: i = 0 alt if size > 0 loop while src[i] != '\0' and i < (size - 1) FSLC->>FSLC: dst[i] = src[i] FSLC->>FSLC: i++ end FSLC->>FSLC: dst[i] = '\0' FSLC-->>M: return ft_strlen(src) M->>PF: call printf("[%s] is %d.\n", dst, i) PF-->>M: Print the result | F5: N/A | G5: ft_strlcpy | H5: #include <stdio.h> size_t ft_strlen(const char *str) { size_t i; i = 0; while (str[i] != '\0') i++; return (i); } size_t ft_strlcpy(char *dst, const char *src, size_t size) { size_t i; i = 0; if (size > 0) { while (src[i] != '\0' && i < (size - 1)) { dst[i] = src[i]; i++; } dst[i] = '\0'; } return (ft_strlen(src)); } int main() { char *src = "1234567890"; char dst[50]; int i = ft_strlcpy(dst, src, 11); printf("[%s] is %d.\n", dst, i); }
A6: 0 | B6: 224 | C6: 1215 | D6: 1439 | E6: sequenceDiagram participant M as main() participant FSL as ft_strlen() participant FSLC as ft_strlcpy() participant PF as printf() M->>FSLC: call ft_strlcpy(dst, src, 11) FSLC->>FSL: call ft_strlen(src) FSL->>FSLC: return i alt if size > 0 note over FSLC: initialize i=0 loop while src[i] != '\0' and i < (size - 1) FSLC->>FSLC: copy src[i] to dst[i] FSLC->>FSLC: increment i end FSLC->>FSLC: set dst[i] = '\0' FSLC-->>M: return ft_strlen(src) M->>PF: call printf("[%s] is %d.\n", dst, i) PF-->>M: Print the result | F6: N/A | G6: ft_strlcpy | H6: #include <stdio.h> size_t ft_strlen(const char *str) { size_t i; i = 0; while (str[i] != '\0') i++; return (i); } size_t ft_strlcpy(char *dst, const char *src, size_t size) { size_t i; i = 0; if (size > 0) { while (src[i] != '\0' && i < (size - 1)) { dst[i] = src[i]; i++; } dst[i] = '\0'; } return (ft_strlen(src)); } int main() { char *src = "1234567890"; char dst[50]; int i = ft_strlcpy(dst, src, 11); printf("[%s] is %d.\n", dst, i); }
A7: 1 | B7: 196 | C7: 1215 | D7: 1411 | E7: sequenceDiagram participant M as main() participant FSL as ft_strlen() participant FSLC as ft_strlcpy() participant PF as printf() M->>FSLC: Call ft_strlcpy(dst, src, 11) alt if size > 0 loop i < (size - 1) and src[i] != '\0' FSLC->>FSLC: dst[i] = src[i] end FSLC->>FSLC: dst[i] = '\0' FSLC-->>M: return ft_strlen(src) else FSLC-->>M: return ft_strlen(src) end M->>PF: call printf("[%s] is %d.\n", dst, i) PF-->>M: Print the result | F7: https://mermaid.ink/img/JSV7aW5pdDp7J3RoZW1lJzonZm9yZXN0J319JSUKc2VxdWVuY2VEaWFncmFtCnBhcnRpY2lwYW50IE0gYXMgbWFpbigpCnBhcnRpY2lwYW50IEZTTCBhcyBmdF9zdHJsZW4oKQpwYXJ0aWNpcGFudCBGU0xDIGFzIGZ0X3N0cmxjcHkoKQpwYXJ0aWNpcGFudCBQRiBhcyBwcmludGYoKQpNLT4+RlNMQzogQ2FsbCBmdF9zdHJsY3B5KGRzdCwgc3JjLCAxMSkKYWx0IGlmIHNpemUgPiAwCiAgICBsb29wIGkgPCAoc2l6ZSAtIDEpIGFuZCBzcmNbaV0gIT0gJ1wwJwogICAgICAgIEZTTEMtPj5GU0xDOiBkc3RbaV0gPSBzcmNbaV0KICAgIGVuZAogICAgRlNMQy0+PkZTTEM6IGRzdFtpXSA9ICdcMCcKICAgIEZTTEMtLT4+TTogcmV0dXJuIGZ0X3N0cmxlbihzcmMpCmVsc2UKICAgIEZTTEMtLT4+TTogcmV0dXJuIGZ0X3N0cmxlbihzcmMpCmVuZApNLT4+UEY6IGNhbGwgcHJpbnRmKCJbJXNdIGlzICVkLlxuIiwgZHN0LCBpKQpQRi0tPj5NOiBQcmludCB0aGUgcmVzdWx0 | G7: ft_strlcpy | H7: #include <stdio.h> size_t ft_strlen(const char *str) { size_t i; i = 0; while (str[i] != '\0') i++; return (i); } size_t ft_strlcpy(char *dst, const char *src, size_t size) { size_t i; i = 0; if (size > 0) { while (src[i] != '\0' && i < (size - 1)) { dst[i] = src[i]; i++; } dst[i] = '\0'; } return (ft_strlen(src)); } int main() { char *src = "1234567890"; char dst[50]; int i = ft_strlcpy(dst, src, 11); printf("[%s] is %d.\n", dst, i); }
A8: 0 | B8: 424 | C8: 1215 | D8: 1639 | E8: sequenceDiagram participant M as main() participant FSL as ft_strlen() participant FSLC as ft_strlcpy() participant PF as printf() M->>main: Enter main->>FSLC: call ft_strlcpy(dst, src, 11) note over FSLC: initialize i = 0 alt if size > 0 FSLC->>FSLC: Copy characters from src to dst FSLC->>FSL: Call ft_strlen(src) note over FSLC: Return result of ft_strlen(src) FSL-->>FSLC: Return length of src FSLC-->>main: Return i main->>PF: Call printf("[%s] is %d.", dst, i) PF-->>main: Print the result | F8: N/A | G8: ft_strlcpy | H8: #include <stdio.h> size_t ft_strlen(const char *str) { size_t i; i = 0; while (str[i] != '\0') i++; return (i); } size_t ft_strlcpy(char *dst, const char *src, size_t size) { size_t i; i = 0; if (size > 0) { while (src[i] != '\0' && i < (size - 1)) { dst[i] = src[i]; i++; } dst[i] = '\0'; } return (ft_strlen(src)); } int main() { char *src = "1234567890"; char dst[50]; int i = ft_strlcpy(dst, src, 11); printf("[%s] is %d.\n", dst, i); }
A9: 0 | B9: 292 | C9: 1215 | D9: 1507 | E9: sequenceDiagram participant M as main() participant FSLC as ft_strlcpy() participant FSLN as ft_strlen() participant PF as printf() M->>FSLC: Call ft_strlcpy(dst, src, 11) note over FSLC: initialize i = 0 alt if size > 0 loop while src[i] != '\0' && i < (size - 1) FSLC->>FSLC: dst[i] = src[i] FSLC->>FSLC: increment i end note over FSLC: assign dst[i] = '\0' FSLC-->>M: return ft_strlen(src) M->>PF: call printf("[%s] is %d.\n", dst, i) PF-->>M: Print the result | F9: N/A | G9: ft_strlcpy | H9: #include <stdio.h> size_t ft_strlen(const char *str) { size_t i; i = 0; while (str[i] != '\0') i++; return (i); } size_t ft_strlcpy(char *dst, const char *src, size_t size) { size_t i; i = 0; if (size > 0) { while (src[i] != '\0' && i < (size - 1)) { dst[i] = src[i]; i++; } dst[i] = '\0'; } return (ft_strlen(src)); } int main() { char *src = "1234567890"; char dst[50]; int i = ft_strlcpy(dst, src, 11); printf("[%s] is %d.\n", dst, i); }
A10: 1 | B10: 228 | C10: 1215 | D10: 1443 | E10: sequenceDiagram participant M as main() participant FSL as ft_strlen() participant FSLC as ft_strlcpy() participant PF as printf() M->>FSLC: Call ft_strlcpy(dst, src, 11) alt size > 0 FSLC->>FSL: Call ft_strlen(src) FSL->>FSLC: return i FSLC->>FSLC: dst[i] = src[i] loop while src[i] != '\0' and i < (size-1) FSLC->>FSLC: increment i end FSLC->>FSLC: dst[i] = '\0' FSLC-->>M: return ft_strlen(src) else size <= 0 FSLC-->>M: return 0 end M->>PF: Call printf("[%s] is %d.\n", dst, i) PF-->>M: Print the result | F10: https://mermaid.ink/img/JSV7aW5pdDp7J3RoZW1lJzonZm9yZXN0J319JSUKc2VxdWVuY2VEaWFncmFtCnBhcnRpY2lwYW50IE0gYXMgbWFpbigpCnBhcnRpY2lwYW50IEZTTCBhcyBmdF9zdHJsZW4oKQpwYXJ0aWNpcGFudCBGU0xDIGFzIGZ0X3N0cmxjcHkoKQpwYXJ0aWNpcGFudCBQRiBhcyBwcmludGYoKQpNLT4+RlNMQzogQ2FsbCBmdF9zdHJsY3B5KGRzdCwgc3JjLCAxMSkKYWx0IHNpemUgPiAwCkZTTEMtPj5GU0w6IENhbGwgZnRfc3RybGVuKHNyYykKRlNMLT4+RlNMQzogcmV0dXJuIGkKRlNMQy0+PkZTTEM6IGRzdFtpXSA9IHNyY1tpXQpsb29wIHdoaWxlIHNyY1tpXSAhPSAnXDAnIGFuZCBpIDwgKHNpemUtMSkKRlNMQy0+PkZTTEM6IGluY3JlbWVudCBpCmVuZApGU0xDLT4+RlNMQzogZHN0W2ldID0gJ1wwJwpGU0xDLS0+Pk06IHJldHVybiBmdF9zdHJsZW4oc3JjKQplbHNlIHNpemUgPD0gMApGU0xDLS0+Pk06IHJldHVybiAwCmVuZApNLT4+UEY6IENhbGwgcHJpbnRmKCJbJXNdIGlzICVkLlxuIiwgZHN0LCBpKQpQRi0tPj5NOiBQcmludCB0aGUgcmVzdWx0 | G10: ft_strlcpy | H10: #include <stdio.h> size_t ft_strlen(const char *str) { size_t i; i = 0; while (str[i] != '\0') i++; return (i); } size_t ft_strlcpy(char *dst, const char *src, size_t size) { size_t i; i = 0; if (size > 0) { while (src[i] != '\0' && i < (size - 1)) { dst[i] = src[i]; i++; } dst[i] = '\0'; } return (ft_strlen(src)); } int main() { char *src = "1234567890"; char dst[50]; int i = ft_strlcpy(dst, src, 11); printf("[%s] is %d.\n", dst, i); }
A11: 1 | B11: 139 | C11: 1215 | D11: 1354 | E11: sequenceDiagram participant M as main() participant FSL as ft_strlen() participant FSLCPY as ft_strlcpy() participant PF as printf() M->>FSLCPY: call ft_strlcpy(dst, src, 11) alt if size > 0 FSLCPY->>FSL: call ft_strlen(src) FSL->>FSLCPY: return i FSLCPY->>PF: [%s] is i. else Otherwise FSLCPY-->>PF: [%s] is 10. end | F11: https://mermaid.ink/img/JSV7aW5pdDp7J3RoZW1lJzonZm9yZXN0J319JSUKc2VxdWVuY2VEaWFncmFtCnBhcnRpY2lwYW50IE0gYXMgbWFpbigpCnBhcnRpY2lwYW50IEZTTCBhcyBmdF9zdHJsZW4oKQpwYXJ0aWNpcGFudCBGU0xDUFkgYXMgZnRfc3RybGNweSgpCnBhcnRpY2lwYW50IFBGIGFzIHByaW50ZigpCk0tPj5GU0xDUFk6IGNhbGwgZnRfc3RybGNweShkc3QsIHNyYywgMTEpCmFsdCBpZiBzaXplID4gMApGU0xDUFktPj5GU0w6IGNhbGwgZnRfc3RybGVuKHNyYykKRlNMLT4+RlNMQ1BZOiByZXR1cm4gaQpGU0xDUFktPj5QRjogWyVzXSBpcyBpLgplbHNlIE90aGVyd2lzZQpGU0xDUFktLT4+UEY6IFslc10gaXMgMTAuCmVuZA== | G11: ft_strlcpy | H11: #include <stdio.h> size_t ft_strlen(const char *str) { size_t i; i = 0; while (str[i] != '\0') i++; return (i); } size_t ft_strlcpy(char *dst, const char *src, size_t size) { size_t i; i = 0; if (size > 0) { while (src[i] != '\0' && i < (size - 1)) { dst[i] = src[i]; i++; } dst[i] = '\0'; } return (ft_strlen(src)); } int main() { char *src = "1234567890"; char dst[50]; int i = ft_strlcpy(dst, src, 11); printf("[%s] is %d.\n", dst, i); }
A12: 1 | B12: 127 | C12: 1112 | D12: 1239 | E12: sequenceDiagram participant M as main() participant FSL as ft_strlen() participant PF as printf() M->>FSL: Call ft_strlen(str) note over FSL: Initialize i = 0 loop while str[i] != '\0' FSL->>FSL: increment i end FSL-->>M: return i M->>PF: Call printf("[%s] is %d.\n", str, i) PF-->>M: Print the result | F12: https://mermaid.ink/img/JSV7aW5pdDp7J3RoZW1lJzonZm9yZXN0J319JSUKc2VxdWVuY2VEaWFncmFtCnBhcnRpY2lwYW50IE0gYXMgbWFpbigpCnBhcnRpY2lwYW50IEZTTCBhcyBmdF9zdHJsZW4oKQpwYXJ0aWNpcGFudCBQRiBhcyBwcmludGYoKQpNLT4+RlNMOiBDYWxsIGZ0X3N0cmxlbihzdHIpCm5vdGUgb3ZlciBGU0w6IEluaXRpYWxpemUgaSA9IDAKbG9vcCB3aGlsZSBzdHJbaV0gIT0gJ1wwJwogICAgRlNMLT4+RlNMOiBpbmNyZW1lbnQgaQplbmQKRlNMLS0+Pk06IHJldHVybiBpCk0tPj5QRjogQ2FsbCBwcmludGYoIlslc10gaXMgJWQuXG4iLCBzdHIsIGkpClBGLS0+Pk06IFByaW50IHRoZSByZXN1bHQ= | G12: ft_strlen | H12: #include <stdio.h> size_t ft_strlen(const char *str) { size_t i; i = 0; while (str[i] != '\0') i++; return (i); } int main() { char *str = "1234567890"; int i = ft_strlen(str); printf("[%s] is %d.\n", str, i); }
A13: 1 | B13: 161 | C13: 1112 | D13: 1273 | E13: sequenceDiagram participant M as main() participant FL as ft_strlen() participant P as printf() M->>FL: Call ft_strlen(str) FL-->>M: Return i M->>P: Call printf("[%s] is %d.\n", str, i) P-->>M: Print the result | F13: https://mermaid.ink/img/JSV7aW5pdDp7J3RoZW1lJzonZm9yZXN0J319JSUKc2VxdWVuY2VEaWFncmFtCnBhcnRpY2lwYW50IE0gYXMgbWFpbigpCnBhcnRpY2lwYW50IEZMIGFzIGZ0X3N0cmxlbigpCnBhcnRpY2lwYW50IFAgYXMgcHJpbnRmKCkKTS0+PkZMOiBDYWxsIGZ0X3N0cmxlbihzdHIpCkZMLS0+Pk06IFJldHVybiBpCk0tPj5QOiBDYWxsIHByaW50ZigiWyVzXSBpcyAlZC5cbiIsIHN0ciwgaSkKUC0tPj5NOiBQcmludCB0aGUgcmVzdWx0 | G13: ft_strlen | H13: #include <stdio.h> size_t ft_strlen(const char *str) { size_t i; i = 0; while (str[i] != '\0') i++; return (i); } int main() { char *str = "1234567890"; int i = ft_strlen(str); printf("[%s] is %d.\n", str, i); }
... A101: 1 | B101: 211 | C101: 1228 | D101: 1439 | E101: sequenceDiagram participant M as main() participant FSN as ft_strncmp() participant PF as printf() M->>FSN: Call ft_strncmp(str1, str2, 20) loop while len && *s1 && (*s1 == *s2) FSN->>FSN: s1++, s2++, len-- alt if len == 0 FSN-->>M: return 0 (strings are equal) else FSN<->>FSN: return *(unsigned char *) s1 - *(unsigned char *) s2 end end alt if i > 0 PF-->>M: Print str1 is greater than str2 else if i < 0 PF-->>M: Print str1 is less than str2 else PF-->>M: Print str1 is equal to str2 end | F101: https://mermaid.ink/img/JSV7aW5pdDp7J3RoZW1lJzonZm9yZXN0J319JSUKc2VxdWVuY2VEaWFncmFtCnBhcnRpY2lwYW50IE0gYXMgbWFpbigpCnBhcnRpY2lwYW50IEZTTiBhcyBmdF9zdHJuY21wKCkKcGFydGljaXBhbnQgUEYgYXMgcHJpbnRmKCkKTS0+PkZTTjogQ2FsbCBmdF9zdHJuY21wKHN0cjEsIHN0cjIsIDIwKQpsb29wIHdoaWxlIGxlbiAmJiAqczEgJiYgKCpzMSA9PSAqczIpCiAgICBGU04tPj5GU046IHMxKyssIHMyKyssIGxlbi0tCiAgICBhbHQgaWYgbGVuID09IDAKICAgICAgICBGU04tLT4+TTogcmV0dXJuIDAgKHN0cmluZ3MgYXJlIGVxdWFsKQogICAgZWxzZQogICAgICAgIEZTTjwtPj5GU046IHJldHVybiAqKHVuc2lnbmVkIGNoYXIgKikgczEgLSAqKHVuc2lnbmVkIGNoYXIgKikgczIKICAgIGVuZAplbmQKYWx0IGlmIGkgPiAwCiAgICBQRi0tPj5NOiBQcmludCBzdHIxIGlzIGdyZWF0ZXIgdGhhbiBzdHIyCmVsc2UgaWYgaSA8IDAKICAgIFBGLS0+Pk06IFByaW50IHN0cjEgaXMgbGVzcyB0aGFuIHN0cjIKZWxzZQogICAgUEYtLT4+TTogUHJpbnQgc3RyMSBpcyBlcXVhbCB0byBzdHIyCmVuZA== | G101: ft_strncmp | H101: #include <stdio.h> int ft_strncmp(const char *s1, const char *s2, size_t len) { while (len && *s1 && (*s1 == *s2)) { s1++; s2++; len--; } if (len == 0) return (0); else return (*(unsigned char *) s1 - *(unsigned char *) s2); } int main() { char *str1 = "abcdefghijk"; char *str2 = "ghi"; int i = ft_strncmp(str1, str2, 20); if (i > 0) printf("%s is greater than %s\n", str1, str2); else if (i < 0) printf("%s is less than %s\n", str1, str2); else printf("%s is equal to %s\n", str1, str2); }

Sheet GPT-3.5-test0-testInput
A1: status | B1: comp | C1: prompt | D1: total | E1: mermaid | F1: url | G1: filename | H1: input
A2: 0 | B2: 206 | C2: 1176 | D2: 1382 | E2: sequenceDiagram participant main as main() participant SL as ft_strlen() participant FSL as ft_strlcpy() participant PF as printf() main->>FSL: Call ft_strlcpy(dst, src, 11) FSL->>SL: Call ft_strlen(src) note over SL: initialize i = 0 loop while src[i] != '\0' alt if size > 0 loop while src[i] != '\0' and i < (size - 1) FSL->FSL: Copy src[i] to dst[i] end FSL->FSL: Append '\0' to dst else size <= 0 note over FSL: Do nothing end SL-->>FSL: Return length of src FSL-->>main: Return length of src main->>PF: Call printf("[%s] is %d.\n", dst, i) PF-->>main: Print the result | F2: N/A | G2: ft_strlcpy | H2: #include <stdio.h> size_t ft_strlen(const char *str) { size_t i; i = 0; while (str[i] != '\0') i++; return (i); } size_t ft_strlcpy(char *dst, const char *src, size_t size) { size_t i; i = 0; if (size > 0) { while (src[i] != '\0' && i < (size - 1)) { dst[i] = src[i]; i++; } dst[i] = '\0'; } return (ft_strlen(src)); } int main() { char *src = "1234567890"; char dst[50]; int i = ft_strlcpy(dst, src, 11); printf("[%s] is %d.\n", dst, i); }
A3: 0 | B3: 211 | C3: 1176 | D3: 1387 | E3: ```sequenceDiagram participant main as main() participant FSL as ft_strlen() participant FSLCPY as ft_strlcpy() participant PF as printf() main->>FSLCPY: Call ft_strlcpy(dst, src, 11) alt if size > 0 FSLCPY->>FSL: Call ft_strlen(src) FSL-->>FSLCPY: Return length of src loop while src[i] != '\0' and i < (size - 1) FSLCPY->>FSLCPY: Copy src[i] to dst[i] end FSLCPY->>FSLCPY: Add '\0' to the end of dst else note over FSLCPY: Do nothing end FSLCPY-->>main: Return length of src main->>PF: Call printf("[%s] is %d.\n", dst, i) PF-->>main: Print the result ``` | F3: N/A | G3: ft_strlcpy | H3: #include <stdio.h> size_t ft_strlen(const char *str) { size_t i; i = 0; while (str[i] != '\0') i++; return (i); } size_t ft_strlcpy(char *dst, const char *src, size_t size) { size_t i; i = 0; if (size > 0) { while (src[i] != '\0' && i < (size - 1)) { dst[i] = src[i]; i++; } dst[i] = '\0'; } return (ft_strlen(src)); } int main() { char *src = "1234567890"; char dst[50]; int i = ft_strlcpy(dst, src, 11); printf("[%s] is %d.\n", dst, i); }
A4: 1 | B4: 190 | C4: 1176 | D4: 1366 | E4: sequenceDiagram participant main as main() participant FSL as ft_strlen() participant FSLC as ft_strlcpy() participant printf as printf() main->>FSLC: Call ft_strlcpy(dst, src, 11) alt size > 0 FSLC->>FSL: Call ft_strlen(src) note over FSL: i = 0 loop while src[i] != '\0' && i < (size - 1) FSLC->>FSLC: dst[i] = src[i] FSLC->>FSLC: increment i end FSLC->>FSLC: dst[i] = '\0' FSLC-->>main: return ft_strlen(src) else main-->>printf: Print error message end main->>printf: Print the result [dst] is i. | F4: https://mermaid.ink/img/JSV7aW5pdDp7J3RoZW1lJzonZm9yZXN0J319JSUKc2VxdWVuY2VEaWFncmFtCnBhcnRpY2lwYW50IG1haW4gYXMgbWFpbigpCnBhcnRpY2lwYW50IEZTTCBhcyBmdF9zdHJsZW4oKQpwYXJ0aWNpcGFudCBGU0xDIGFzIGZ0X3N0cmxjcHkoKQpwYXJ0aWNpcGFudCBwcmludGYgYXMgcHJpbnRmKCkKbWFpbi0+PkZTTEM6IENhbGwgZnRfc3RybGNweShkc3QsIHNyYywgMTEpCmFsdCBzaXplID4gMAogICAgRlNMQy0+PkZTTDogQ2FsbCBmdF9zdHJsZW4oc3JjKQogICAgbm90ZSBvdmVyIEZTTDogaSA9IDAKICAgIGxvb3Agd2hpbGUgc3JjW2ldICE9ICdcMCcgJiYgaSA8IChzaXplIC0gMSkKICAgICAgICBGU0xDLT4+RlNMQzogZHN0W2ldID0gc3JjW2ldCiAgICAgICAgRlNMQy0+PkZTTEM6IGluY3JlbWVudCBpCiAgICBlbmQKICAgIEZTTEMtPj5GU0xDOiBkc3RbaV0gPSAnXDAnCiAgICBGU0xDLS0+Pm1haW46IHJldHVybiBmdF9zdHJsZW4oc3JjKQplbHNlCiAgICBtYWluLS0+PnByaW50ZjogUHJpbnQgZXJyb3IgbWVzc2FnZQplbmQKbWFpbi0+PnByaW50ZjogUHJpbnQgdGhlIHJlc3VsdCBbZHN0XSBpcyBpLg== | G4: ft_strlcpy | H4: #include <stdio.h> size_t ft_strlen(const char *str) { size_t i; i = 0; while (str[i] != '\0') i++; return (i); } size_t ft_strlcpy(char *dst, const char *src, size_t size) { size_t i; i = 0; if (size > 0) { while (src[i] != '\0' && i < (size - 1)) { dst[i] = src[i]; i++; } dst[i] = '\0'; } return (ft_strlen(src)); } int main() { char *src = "1234567890"; char dst[50]; int i = ft_strlcpy(dst, src, 11); printf("[%s] is %d.\n", dst, i); }
A5: 0 | B5: 212 | C5: 1176 | D5: 1388 | E5: ```plaintext sequenceDiagram participant main participant FSL as ft_strlen participant FSLC as ft_strlcpy participant PF as printf main->>FSLC: Call ft_strlcpy(dst, src, 11) note over FSLC: initialize i = 0 alt if size > 0 loop while src[i] != '\0' and i < (size - 1) FSLC->>FSLC: copy src[i] to dst[i] FSLC->>FSLC: increment i end FSLC->>FSLC: assign '\0' to dst[i] FSLC-->>main: return ft_strlen(src) else note over FSLC: No operation is performed FSLC-->>main: return ft_strlen(src) end main->>PF: Call printf("[%s] is %d.\n", dst, i) PF-->>main: Print the result ``` | F5: N/A | G5: ft_strlcpy | H5: #include <stdio.h> size_t ft_strlen(const char *str) { size_t i; i = 0; while (str[i] != '\0') i++; return (i); } size_t ft_strlcpy(char *dst, const char *src, size_t size) { size_t i; i = 0; if (size > 0) { while (src[i] != '\0' && i < (size - 1)) { dst[i] = src[i]; i++; } dst[i] = '\0'; } return (ft_strlen(src)); } int main() { char *src = "1234567890"; char dst[50]; int i = ft_strlcpy(dst, src, 11); printf("[%s] is %d.\n", dst, i); }
A6: 0 | B6: 7 | C6: 1176 | D6: 1183 | E6: ```plaintext input_error ``` | F6: N/A | G6: ft_strlcpy | H6: #include <stdio.h> size_t ft_strlen(const char *str) { size_t i; i = 0; while (str[i] != '\0') i++; return (i); } size_t ft_strlcpy(char *dst, const char *src, size_t size) { size_t i; i = 0; if (size > 0) { while (src[i] != '\0' && i < (size - 1)) { dst[i] = src[i]; i++; } dst[i] = '\0'; } return (ft_strlen(src)); } int main() { char *src = "1234567890"; char dst[50]; int i = ft_strlcpy(dst, src, 11); printf("[%s] is %d.\n", dst, i); }
A7: 0 | B7: 141 | C7: 1176 | D7: 1317 | E7: ```sequenceDiagram participant main participant FSL as ft_strlen participant FSLC as ft_strlcpy participant PF as printf main->>FSLC: Call ft_strlcpy(dst, src, 11) FSLC->>FSL: Call ft_strlen(src) FSL-->>FSLC: Return length of src alt size > 0 FSLC->>FSLC: Copy characters from src to dst note over FSLC: Add null-terminator FSLC-->>main: Return length of src main->>PF: Print [dst] and length PF-->>main: Print result ``` | F7: N/A | G7: ft_strlcpy | H7: #include <stdio.h> size_t ft_strlen(const char *str) { size_t i; i = 0; while (str[i] != '\0') i++; return (i); } size_t ft_strlcpy(char *dst, const char *src, size_t size) { size_t i; i = 0; if (size > 0) { while (src[i] != '\0' && i < (size - 1)) { dst[i] = src[i]; i++; } dst[i] = '\0'; } return (ft_strlen(src)); } int main() { char *src = "1234567890"; char dst[50]; int i = ft_strlcpy(dst, src, 11); printf("[%s] is %d.\n", dst, i); }
A8: 0 | B8: 201 | C8: 1176 | D8: 1377 | E8: ```plaintext sequenceDiagram participant M as main() participant FSL as ft_strlen() participant FSC as ft_strlcpy() participant PF as printf() M->>FSC: call ft_strlcpy(dst, src, 11) FSC->>FSL: call ft_strlen(src) FSL-->>FSC: return length of src alt if size > 0 loop while src[i] != '\0' and i < (size - 1) FSC->>FSC: copy src[i] to dst[i] FSC->>FSC: increment i end FSC->>FSC: set dst[i] as '\0' else FSC-->>M: return length of src end FSC-->>M: return i M->>PF: call printf("[%s] is %d.\n", dst, i) PF-->>M: print the result ``` | F8: N/A | G8: ft_strlcpy | H8: #include <stdio.h> size_t ft_strlen(const char *str) { size_t i; i = 0; while (str[i] != '\0') i++; return (i); } size_t ft_strlcpy(char *dst, const char *src, size_t size) { size_t i; i = 0; if (size > 0) { while (src[i] != '\0' && i < (size - 1)) { dst[i] = src[i]; i++; } dst[i] = '\0'; } return (ft_strlen(src)); } int main() { char *src = "1234567890"; char dst[50]; int i = ft_strlcpy(dst, src, 11); printf("[%s] is %d.\n", dst, i); }
A9: 0 | B9: 181 | C9: 1176 | D9: 1357 | E9: ```sequenceDiagram participant main participant ft_strlcpy participant ft_strlen participant printf main->>ft_strlcpy: Call ft_strlcpy(dst, src, 11) alt if size > 0 loop through src ft_strlcpy->>ft_strlen: Call ft_strlen(src) ft_strlcpy->>ft_strlen: Call ft_strlen(src) end note over ft_strlcpy: Copy character to dst alt if src is not null ft_strlcpy->>ft_strlen: Call ft_strlen(src) else ft_strlcpy->>ft_strlen: Call ft_strlen(src) end ft_strlcpy-->>main: return i main->>printf: Call printf("[%s] is %d.\n", dst, i) printf-->>main: Print the result ``` | F9: N/A | G9: ft_strlcpy | H9: #include <stdio.h> size_t ft_strlen(const char *str) { size_t i; i = 0; while (str[i] != '\0') i++; return (i); } size_t ft_strlcpy(char *dst, const char *src, size_t size) { size_t i; i = 0; if (size > 0) { while (src[i] != '\0' && i < (size - 1)) { dst[i] = src[i]; i++; } dst[i] = '\0'; } return (ft_strlen(src)); } int main() { char *src = "1234567890"; char dst[50]; int i = ft_strlcpy(dst, src, 11); printf("[%s] is %d.\n", dst, i); }
A10: 0 | B10: 193 | C10: 1176 | D10: 1369 | E10: ```plaintext sequenceDiagram participant main participant FSL as ft_strlen participant FSLC as ft_strlcpy participant PF as printf main->>FSLC: Call ft_strlcpy(dst, src, 11) FSLC->>FSL: Call ft_strlen(src) note over FSL: i = 0 loop while str[i] != '\0' FSL-->>FSLC: return i FSLC-->>main: return ft_strlen(src) alt size > 0 FSLC->>FSLC: Copy elements from src to dst FSLC-->>main: return ft_strlen(src) else size <= 0 FSLC-->>main: return ft_strlen(src) end main->>PF: Call printf("[%s] is %d.\n", dst, i) PF-->>main: Print the result ``` | F10: N/A | G10: ft_strlcpy | H10: #include <stdio.h> size_t ft_strlen(const char *str) { size_t i; i = 0; while (str[i] != '\0') i++; return (i); } size_t ft_strlcpy(char *dst, const char *src, size_t size) { size_t i; i = 0; if (size > 0) { while (src[i] != '\0' && i < (size - 1)) { dst[i] = src[i]; i++; } dst[i] = '\0'; } return (ft_strlen(src)); } int main() { char *src = "1234567890"; char dst[50]; int i = ft_strlcpy(dst, src, 11); printf("[%s] is %d.\n", dst, i); }
A11: 0 | B11: 205 | C11: 1176 | D11: 1381 | E11: ```sequenceDiagram participant main as main() participant FSL as ft_strlen() participant FSLC as ft_strlcpy() participant PF as printf() main->>FSLC: Call ft_strlcpy(dst, src, 11) alt size > 0 loop i < (size - 1) and src[i] != '\0' FSLC->>FSL: Call ft_strlen(src) FSL->>FSLC: return length FSLC->>FSLC: assign src[i] to dst[i] end FSLC->>FSLC: assign '\0' to dst[i] FSLC-->>main: return length of src else size <= 0 note over FSLC: No operation, return length of src end main->>PF: Call printf("[%s] is %d.\n", dst, i) PF-->>main: Print the result ``` | F11: N/A | G11: ft_strlcpy | H11: #include <stdio.h> size_t ft_strlen(const char *str) { size_t i; i = 0; while (str[i] != '\0') i++; return (i); } size_t ft_strlcpy(char *dst, const char *src, size_t size) { size_t i; i = 0; if (size > 0) { while (src[i] != '\0' && i < (size - 1)) { dst[i] = src[i]; i++; } dst[i] = '\0'; } return (ft_strlen(src)); } int main() { char *src = "1234567890"; char dst[50]; int i = ft_strlcpy(dst, src, 11); printf("[%s] is %d.\n", dst, i); }
A12: 0 | B12: 77 | C12: 1073 | D12: 1150 | E12: ```plaintext sequenceDiagram participant main as main() participant FL as ft_strlen() participant PF as printf() main->>FL: Call ft_strlen(str) FL-->>main: Return the length of the string main->>PF: Call printf("[%s] is %d.\n", str, i) PF-->>main: Print the returned length and string ``` | F12: N/A | G12: ft_strlen | H12: #include <stdio.h> size_t ft_strlen(const char *str) { size_t i; i = 0; while (str[i] != '\0') i++; return (i); } int main() { char *str = "1234567890"; int i = ft_strlen(str); printf("[%s] is %d.\n", str, i); }
A13: 0 | B13: 104 | C13: 1073 | D13: 1177 | E13: ```sequenceDiagram participant main as main() participant FSL as ft_strlen() participant PF as printf() main->>FSL: Call ft_strlen(str) note over FSL: initialize i = 0 loop while str[i] != '\0' FSL->>FSL: increment i end FSL-->>main: Return i main->>PF: Call printf("[%s] is %d.\n", str, i) PF-->>main: Print the result ``` | F13: N/A | G13: ft_strlen | H13: #include <stdio.h> size_t ft_strlen(const char *str) { size_t i; i = 0; while (str[i] != '\0') i++; return (i); } int main() { char *str = "1234567890"; int i = ft_strlen(str); printf("[%s] is %d.\n", str, i); }
... A101: 0 | B101: 7 | C101: 1086 | D101: 1093 | E101: ```plaintext input_error ``` | F101: N/A | G101: ft_memset | H101: #include <stdio.h> void *ft_memset(void *dst, int val, size_t len) { unsigned char *ptr; ptr = dst; while (len-- > 0) *ptr++ = val; return (dst); } int main() { char str[] = "1234567890"; char *ptr = ft_memset(str, 'a', 5); printf("%s\n", ptr); }

Sheet GPT-3.5-test1-testInput
A1: status | B1: comp | C1: prompt | D1: total | E1: mermaid | F1: url | G1: filename | H1: input
A2: 1 | B2: 209 | C2: 1162 | D2: 1371 | E2: sequenceDiagram participant main as main() participant FSL as ft_strlen() participant FSLCPY as ft_strlcpy() participant PF as printf() main->>FSLCPY: Call ft_strlcpy(dst, src, 11) alt size > 0 note over FSLCPY: initialize i = 0 loop while src[i] != '\0' AND i < (size - 1) FSLCPY->>FSLCPY: dst[i] = src[i] FSLCPY->>FSLCPY: increment i end note over FSLCPY: assign dst[i] = '\0' FSLCPY->>main: Return ft_strlen(src) else size <= 0 note over FSLCPY: return ft_strlen(src) without copying end main->>PF: Call printf("[%s] is %d.\n", dst, i) PF-->>main: Print the result | F2: https://mermaid.ink/img/JSV7aW5pdDp7J3RoZW1lJzonZm9yZXN0J319JSUKc2VxdWVuY2VEaWFncmFtCnBhcnRpY2lwYW50IG1haW4gYXMgbWFpbigpCnBhcnRpY2lwYW50IEZTTCBhcyBmdF9zdHJsZW4oKQpwYXJ0aWNpcGFudCBGU0xDUFkgYXMgZnRfc3RybGNweSgpCnBhcnRpY2lwYW50IFBGIGFzIHByaW50ZigpCm1haW4tPj5GU0xDUFk6IENhbGwgZnRfc3RybGNweShkc3QsIHNyYywgMTEpCmFsdCBzaXplID4gMAogICAgbm90ZSBvdmVyIEZTTENQWTogaW5pdGlhbGl6ZSBpID0gMAogICAgbG9vcCB3aGlsZSBzcmNbaV0gIT0gJ1wwJyBBTkQgaSA8IChzaXplIC0gMSkKICAgICAgICBGU0xDUFktPj5GU0xDUFk6IGRzdFtpXSA9IHNyY1tpXQogICAgICAgIEZTTENQWS0+PkZTTENQWTogaW5jcmVtZW50IGkKICAgIGVuZAogICAgbm90ZSBvdmVyIEZTTENQWTogYXNzaWduIGRzdFtpXSA9ICdcMCcKICAgIEZTTENQWS0+Pm1haW46IFJldHVybiBmdF9zdHJsZW4oc3JjKQplbHNlIHNpemUgPD0gMAogICAgbm90ZSBvdmVyIEZTTENQWTogcmV0dXJuIGZ0X3N0cmxlbihzcmMpIHdpdGhvdXQgY29weWluZwplbmQKbWFpbi0+PlBGOiBDYWxsIHByaW50ZigiWyVzXSBpcyAlZC5cbiIsIGRzdCwgaSkKUEYtLT4+bWFpbjogUHJpbnQgdGhlIHJlc3VsdA== | G2: ft_strlcpy | H2: #include <stdio.h> size_t ft_strlen(const char *str) { size_t i; i = 0; while (str[i] != '\0') i++; return (i); } size_t ft_strlcpy(char *dst, const char *src, size_t size) { size_t i; i = 0; if (size > 0) { while (src[i] != '\0' && i < (size - 1)) { dst[i] = src[i]; i++; } dst[i] = '\0'; } return (ft_strlen(src)); } int main() { char *src = "1234567890"; char dst[50]; int i = ft_strlcpy(dst, src, 11); printf("[%s] is %d.\n", dst, i); }
A3: 1 | B3: 191 | C3: 1162 | D3: 1353 | E3: sequenceDiagram participant main as main() participant FSL as ft_strlen() participant FSLC as ft_strlcpy() participant PF as printf() main->>FSLC: Call ft_strlcpy(dst, src, 11) FSLC->>FSL: Call ft_strlen(src) FSL-->FSLC: Return length of src alt size > 0 loop while src[i] != '\0' && i < (size - 1) FSLC->FSLC: Copy src[i] to dst[i] end FSLC->FSLC: Set dst[i] = '\0' else note over FSLC: No operation end FSLC->>main: Return length of src main->>PF: Call printf("[%s] is %d.\n", dst, i) PF-->>main: Print the result | F3: https://mermaid.ink/img/JSV7aW5pdDp7J3RoZW1lJzonZm9yZXN0J319JSUKc2VxdWVuY2VEaWFncmFtCnBhcnRpY2lwYW50IG1haW4gYXMgbWFpbigpCnBhcnRpY2lwYW50IEZTTCBhcyBmdF9zdHJsZW4oKQpwYXJ0aWNpcGFudCBGU0xDIGFzIGZ0X3N0cmxjcHkoKQpwYXJ0aWNpcGFudCBQRiBhcyBwcmludGYoKQptYWluLT4+RlNMQzogQ2FsbCBmdF9zdHJsY3B5KGRzdCwgc3JjLCAxMSkKRlNMQy0+PkZTTDogQ2FsbCBmdF9zdHJsZW4oc3JjKQpGU0wtLT5GU0xDOiBSZXR1cm4gbGVuZ3RoIG9mIHNyYwphbHQgc2l6ZSA+IDAKICAgIGxvb3Agd2hpbGUgc3JjW2ldICE9ICdcMCcgJiYgaSA8IChzaXplIC0gMSkKICAgICAgICBGU0xDLT5GU0xDOiBDb3B5IHNyY1tpXSB0byBkc3RbaV0KICAgIGVuZAogICAgRlNMQy0+RlNMQzogU2V0IGRzdFtpXSA9ICdcMCcKZWxzZQogICAgbm90ZSBvdmVyIEZTTEM6IE5vIG9wZXJhdGlvbgplbmQKRlNMQy0+Pm1haW46IFJldHVybiBsZW5ndGggb2Ygc3JjCm1haW4tPj5QRjogQ2FsbCBwcmludGYoIlslc10gaXMgJWQuXG4iLCBkc3QsIGkpClBGLS0+Pm1haW46IFByaW50IHRoZSByZXN1bHQK | G3: ft_strlcpy | H3: #include <stdio.h> size_t ft_strlen(const char *str) { size_t i; i = 0; while (str[i] != '\0') i++; return (i); } size_t ft_strlcpy(char *dst, const char *src, size_t size) { size_t i; i = 0; if (size > 0) { while (src[i] != '\0' && i < (size - 1)) { dst[i] = src[i]; i++; } dst[i] = '\0'; } return (ft_strlen(src)); } int main() { char *src = "1234567890"; char dst[50]; int i = ft_strlcpy(dst, src, 11); printf("[%s] is %d.\n", dst, i); }
A4: 0 | B4: 195 | C4: 1162 | D4: 1357 | E4: ```plaintext sequenceDiagram participant main as main() participant FSL as ft_strlen() participant FSLC as ft_strlcpy() participant PF as printf() main->>FSLC: Call ft_strlcpy(dst, src, 11) note over FSLC: initialize i = 0 alt if size > 0 FSLC->>FSL: Call ft_strlen(src) FSLC-->>FSLC: return length of src loop while src[i] != '\0' and i < (size - 1) FSLC->>FSLC: Copy src[i] to dst[i] end FSLC->>FSLC: Set dst[i] to '\0' FSLC-->>main: return length of src main->>PF: Call printf("[%s] is %d.\n", dst, i) PF-->>main: Print the result ``` | F4: N/A | G4: ft_strlcpy | H4: #include <stdio.h> size_t ft_strlen(const char *str) { size_t i; i = 0; while (str[i] != '\0') i++; return (i); } size_t ft_strlcpy(char *dst, const char *src, size_t size) { size_t i; i = 0; if (size > 0) { while (src[i] != '\0' && i < (size - 1)) { dst[i] = src[i]; i++; } dst[i] = '\0'; } return (ft_strlen(src)); } int main() { char *src = "1234567890"; char dst[50]; int i = ft_strlcpy(dst, src, 11); printf("[%s] is %d.\n", dst, i); }
A5: 1 | B5: 225 | C5: 1162 | D5: 1387 | E5: sequenceDiagram participant M as main() participant FSL as ft_strlen() participant FSLS as ft_strlcpy() participant PF as printf() M->>FSLS: Call ft_strlcpy(dst, src, 11) FSLS->>FSL: Call ft_strlen(src) note over FSL: initialize i = 0 loop while src[i] != '\0' FSL->>FSL: increment i end FSL-->>FSLS: return i loop while src[i] != '\0' and i < (size - 1) alt if size > 0 FSLS->>FSLS: copy src[i] to dst[i] FSLS->>FSLS: increment i else note over FSLS: No operation end end FSLS->>FSLS: append '\0' to dst FSLS-->>M: return ft_strlen(src) M->>PF: call printf("[%s] is %d.\n", dst, i) PF-->>M: Print the result | F5: https://mermaid.ink/img/JSV7aW5pdDp7J3RoZW1lJzonZm9yZXN0J319JSUKc2VxdWVuY2VEaWFncmFtCnBhcnRpY2lwYW50IE0gYXMgbWFpbigpCnBhcnRpY2lwYW50IEZTTCBhcyBmdF9zdHJsZW4oKQpwYXJ0aWNpcGFudCBGU0xTIGFzIGZ0X3N0cmxjcHkoKQpwYXJ0aWNpcGFudCBQRiBhcyBwcmludGYoKQpNLT4+RlNMUzogQ2FsbCBmdF9zdHJsY3B5KGRzdCwgc3JjLCAxMSkKRlNMUy0+PkZTTDogQ2FsbCBmdF9zdHJsZW4oc3JjKQpub3RlIG92ZXIgRlNMOiBpbml0aWFsaXplIGkgPSAwCmxvb3Agd2hpbGUgc3JjW2ldICE9ICdcMCcKICAgIEZTTC0+PkZTTDogaW5jcmVtZW50IGkKZW5kCkZTTC0tPj5GU0xTOiByZXR1cm4gaQpsb29wIHdoaWxlIHNyY1tpXSAhPSAnXDAnIGFuZCBpIDwgKHNpemUgLSAxKQogICAgYWx0IGlmIHNpemUgPiAwCiAgICAgICAgRlNMUy0+PkZTTFM6IGNvcHkgc3JjW2ldIHRvIGRzdFtpXQogICAgICAgIEZTTFMtPj5GU0xTOiBpbmNyZW1lbnQgaQogICAgZWxzZQogICAgICAgIG5vdGUgb3ZlciBGU0xTOiBObyBvcGVyYXRpb24KICAgIGVuZAplbmQKRlNMUy0+PkZTTFM6IGFwcGVuZCAnXDAnIHRvIGRzdApGU0xTLS0+Pk06IHJldHVybiBmdF9zdHJsZW4oc3JjKQpNLT4+UEY6IGNhbGwgcHJpbnRmKCJbJXNdIGlzICVkLlxuIiwgZHN0LCBpKQpQRi0tPj5NOiBQcmludCB0aGUgcmVzdWx0 | G5: ft_strlcpy | H5: #include <stdio.h> size_t ft_strlen(const char *str) { size_t i; i = 0; while (str[i] != '\0') i++; return (i); } size_t ft_strlcpy(char *dst, const char *src, size_t size) { size_t i; i = 0; if (size > 0) { while (src[i] != '\0' && i < (size - 1)) { dst[i] = src[i]; i++; } dst[i] = '\0'; } return (ft_strlen(src)); } int main() { char *src = "1234567890"; char dst[50]; int i = ft_strlcpy(dst, src, 11); printf("[%s] is %d.\n", dst, i); }
A6: 1 | B6: 224 | C6: 1162 | D6: 1386 | E6: sequenceDiagram participant main as main() participant FSL as ft_strlen() participant FSLC as ft_strlcpy() participant PF as printf() main->>FSLC: Call ft_strlcpy(dst, src, 11) alt size > 0 note over FSLC: initialize i = 0 loop while src[i] != 0 and i < (size - 1) FSLC->>FSLC: dst[i] = src[i] FSLC->>FSLC: increment i end FSLC->>FSLC: dst[i] = '\0' FSLC->>FSL: call ft_strlen(src) FSL-->>FSLC: returns the length FSLC-->>main: return ft_strlen(src) else size <= 0 FSLC-->>main: return 0 end main->>PF: call printf("[%s] is %d.\n", dst, i) PF-->>main: print the result | F6: https://mermaid.ink/img/JSV7aW5pdDp7J3RoZW1lJzonZm9yZXN0J319JSUKc2VxdWVuY2VEaWFncmFtCnBhcnRpY2lwYW50IG1haW4gYXMgbWFpbigpCnBhcnRpY2lwYW50IEZTTCBhcyBmdF9zdHJsZW4oKQpwYXJ0aWNpcGFudCBGU0xDIGFzIGZ0X3N0cmxjcHkoKQpwYXJ0aWNpcGFudCBQRiBhcyBwcmludGYoKQptYWluLT4+RlNMQzogQ2FsbCBmdF9zdHJsY3B5KGRzdCwgc3JjLCAxMSkKYWx0IHNpemUgPiAwCiAgICBub3RlIG92ZXIgRlNMQzogaW5pdGlhbGl6ZSBpID0gMAogICAgbG9vcCB3aGlsZSBzcmNbaV0gIT0gMCBhbmQgaSA8IChzaXplIC0gMSkKICAgICAgICBGU0xDLT4+RlNMQzogZHN0W2ldID0gc3JjW2ldCiAgICAgICAgRlNMQy0+PkZTTEM6IGluY3JlbWVudCBpCiAgICBlbmQKICAgIEZTTEMtPj5GU0xDOiBkc3RbaV0gPSAnXDAnCiAgICBGU0xDLT4+RlNMOiBjYWxsIGZ0X3N0cmxlbihzcmMpCiAgICBGU0wtLT4+RlNMQzogcmV0dXJucyB0aGUgbGVuZ3RoCiAgICBGU0xDLS0+Pm1haW46IHJldHVybiBmdF9zdHJsZW4oc3JjKQplbHNlIHNpemUgPD0gMAogICAgRlNMQy0tPj5tYWluOiByZXR1cm4gMAplbmQKbWFpbi0+PlBGOiBjYWxsIHByaW50ZigiWyVzXSBpcyAlZC5cbiIsIGRzdCwgaSkKUEYtLT4+bWFpbjogcHJpbnQgdGhlIHJlc3VsdA== | G6: ft_strlcpy | H6: #include <stdio.h> size_t ft_strlen(const char *str) { size_t i; i = 0; while (str[i] != '\0') i++; return (i); } size_t ft_strlcpy(char *dst, const char *src, size_t size) { size_t i; i = 0; if (size > 0) { while (src[i] != '\0' && i < (size - 1)) { dst[i] = src[i]; i++; } dst[i] = '\0'; } return (ft_strlen(src)); } int main() { char *src = "1234567890"; char dst[50]; int i = ft_strlcpy(dst, src, 11); printf("[%s] is %d.\n", dst, i); }
A7: 1 | B7: 192 | C7: 1162 | D7: 1354 | E7: sequenceDiagram participant main as main() participant FSL as ft_strlen() participant FSLC as ft_strlcpy() participant PF as printf() main->>FSLC: Call ft_strlcpy(dst, src, 11) FSLC->>FSL: Call ft_strlen(src) note over FSL: i = 0 loop while src[i] != '\0' and i < (size - 1) alt if size > 0 FSLC->>FSLC: Copy src[i] to dst[i] else src is empty end end FSLC->>FSL: Call ft_strlen(src) FSL-->>FSLC: Return length of src FSLC-->>main: Return length of src main->>PF: Print result[%s] is %d.\n PF-->>main: Print the copied string and length | F7: https://mermaid.ink/img/JSV7aW5pdDp7J3RoZW1lJzonZm9yZXN0J319JSUKc2VxdWVuY2VEaWFncmFtCnBhcnRpY2lwYW50IG1haW4gYXMgbWFpbigpCnBhcnRpY2lwYW50IEZTTCBhcyBmdF9zdHJsZW4oKQpwYXJ0aWNpcGFudCBGU0xDIGFzIGZ0X3N0cmxjcHkoKQpwYXJ0aWNpcGFudCBQRiBhcyBwcmludGYoKQptYWluLT4+RlNMQzogQ2FsbCBmdF9zdHJsY3B5KGRzdCwgc3JjLCAxMSkKRlNMQy0+PkZTTDogQ2FsbCBmdF9zdHJsZW4oc3JjKQpub3RlIG92ZXIgRlNMOiBpID0gMApsb29wIHdoaWxlIHNyY1tpXSAhPSAnXDAnIGFuZCBpIDwgKHNpemUgLSAxKQogICAgYWx0IGlmIHNpemUgPiAwCiAgICAgICAgRlNMQy0+PkZTTEM6IENvcHkgc3JjW2ldIHRvIGRzdFtpXQogICAgZWxzZSBzcmMgaXMgZW1wdHkKICAgIGVuZAplbmQKRlNMQy0+PkZTTDogQ2FsbCBmdF9zdHJsZW4oc3JjKQpGU0wtLT4+RlNMQzogUmV0dXJuIGxlbmd0aCBvZiBzcmMKRlNMQy0tPj5tYWluOiBSZXR1cm4gbGVuZ3RoIG9mIHNyYwptYWluLT4+UEY6IFByaW50IHJlc3VsdFslc10gaXMgJWQuXG4KUEYtLT4+bWFpbjogUHJpbnQgdGhlIGNvcGllZCBzdHJpbmcgYW5kIGxlbmd0aA== | G7: ft_strlcpy | H7: #include <stdio.h> size_t ft_strlen(const char *str) { size_t i; i = 0; while (str[i] != '\0') i++; return (i); } size_t ft_strlcpy(char *dst, const char *src, size_t size) { size_t i; i = 0; if (size > 0) { while (src[i] != '\0' && i < (size - 1)) { dst[i] = src[i]; i++; } dst[i] = '\0'; } return (ft_strlen(src)); } int main() { char *src = "1234567890"; char dst[50]; int i = ft_strlcpy(dst, src, 11); printf("[%s] is %d.\n", dst, i); }
A8: 1 | B8: 196 | C8: 1162 | D8: 1358 | E8: sequenceDiagram participant main as main() participant FSL as ft_strlen() participant FSLC as ft_strlcpy() participant PF as printf() main->>FSLC: call ft_strlcpy(dst, src, 11) FSLC->>FSL: Call ft_strlen(src) FSL-->>FSLC: return length of src alt if size > 0 loop while src[i] != '\0' && i < (size - 1) FSLC->>FSLC: copy src[i] to dst[i] end FSLC->>FSLC: assign '\0' to dst[i] else note over FSLC: do nothing end FSLC-->>main: Return length of src as i main->>PF: call printf("[%s] is %d.\n", dst, i) PF-->>main: Prints the result | F8: https://mermaid.ink/img/JSV7aW5pdDp7J3RoZW1lJzonZm9yZXN0J319JSUKc2VxdWVuY2VEaWFncmFtCnBhcnRpY2lwYW50IG1haW4gYXMgbWFpbigpCnBhcnRpY2lwYW50IEZTTCBhcyBmdF9zdHJsZW4oKQpwYXJ0aWNpcGFudCBGU0xDIGFzIGZ0X3N0cmxjcHkoKQpwYXJ0aWNpcGFudCBQRiBhcyBwcmludGYoKQptYWluLT4+RlNMQzogY2FsbCBmdF9zdHJsY3B5KGRzdCwgc3JjLCAxMSkKRlNMQy0+PkZTTDogQ2FsbCBmdF9zdHJsZW4oc3JjKQpGU0wtLT4+RlNMQzogcmV0dXJuIGxlbmd0aCBvZiBzcmMKYWx0IGlmIHNpemUgPiAwCiAgICBsb29wIHdoaWxlIHNyY1tpXSAhPSAnXDAnICYmIGkgPCAoc2l6ZSAtIDEpCiAgICAgICAgRlNMQy0+PkZTTEM6IGNvcHkgc3JjW2ldIHRvIGRzdFtpXQogICAgZW5kCiAgICBGU0xDLT4+RlNMQzogYXNzaWduICdcMCcgdG8gZHN0W2ldCmVsc2UKICAgIG5vdGUgb3ZlciBGU0xDOiBkbyBub3RoaW5nCmVuZApGU0xDLS0+Pm1haW46IFJldHVybiBsZW5ndGggb2Ygc3JjIGFzIGkKbWFpbi0+PlBGOiBjYWxsIHByaW50ZigiWyVzXSBpcyAlZC5cbiIsIGRzdCwgaSkKUEYtLT4+bWFpbjogUHJpbnRzIHRoZSByZXN1bHQ= | G8: ft_strlcpy | H8: #include <stdio.h> size_t ft_strlen(const char *str) { size_t i; i = 0; while (str[i] != '\0') i++; return (i); } size_t ft_strlcpy(char *dst, const char *src, size_t size) { size_t i; i = 0; if (size > 0) { while (src[i] != '\0' && i < (size - 1)) { dst[i] = src[i]; i++; } dst[i] = '\0'; } return (ft_strlen(src)); } int main() { char *src = "1234567890"; char dst[50]; int i = ft_strlcpy(dst, src, 11); printf("[%s] is %d.\n", dst, i); }
A9: 0 | B9: 205 | C9: 1162 | D9: 1367 | E9: ```plaintext sequenceDiagram participant main participant FSL as ft_strlen participant FSLC as ft_strlcpy participant PF as printf main->>FSLC: Call ft_strlcpy(dst, src, 11) FSLC->>FSL: Call ft_strlen(src) FSL->>FSLC: Return length of src alt size > 0 loop while src[i] != '\0' && i < (size - 1) FSLC->>FSLC: Copy src[i] to dst[i] end FSLC->>FSLC: Append '\0' to dst FSLC-->>main: return length of src else size <= 0 FSLC-->>main: return 0 end main->>PF: Call printf("[%s] is %d.\n", dst, i) PF-->>main: Print the resulting string and length ``` | F9: N/A | G9: ft_strlcpy | H9: #include <stdio.h> size_t ft_strlen(const char *str) { size_t i; i = 0; while (str[i] != '\0') i++; return (i); } size_t ft_strlcpy(char *dst, const char *src, size_t size) { size_t i; i = 0; if (size > 0) { while (src[i] != '\0' && i < (size - 1)) { dst[i] = src[i]; i++; } dst[i] = '\0'; } return (ft_strlen(src)); } int main() { char *src = "1234567890"; char dst[50]; int i = ft_strlcpy(dst, src, 11); printf("[%s] is %d.\n", dst, i); }
A10: 1 | B10: 170 | C10: 1162 | D10: 1332 | E10: sequenceDiagram participant M as main() participant FSL as ft_strlen() participant FSLC as ft_strlcpy() participant PF as printf() M->>FSLC: Call ft_strlcpy(dst, src, 11) alt if size > 0 loop while src[i] != '\0' and i < (size - 1) FSLC->>FSLC: Copy src[i] to dst[i] end FSLC->>FSLC: Set dst[i] to '\0' end FSLC->>FSL: Call ft_strlen(src) FSL-->>FSLC: Return length of src M->>PF: Call printf("[%s] is %d.\n", dst, i) PF-->>M: Print the result | F10: https://mermaid.ink/img/JSV7aW5pdDp7J3RoZW1lJzonZm9yZXN0J319JSUKc2VxdWVuY2VEaWFncmFtCnBhcnRpY2lwYW50IE0gYXMgbWFpbigpCnBhcnRpY2lwYW50IEZTTCBhcyBmdF9zdHJsZW4oKQpwYXJ0aWNpcGFudCBGU0xDIGFzIGZ0X3N0cmxjcHkoKQpwYXJ0aWNpcGFudCBQRiBhcyBwcmludGYoKQpNLT4+RlNMQzogQ2FsbCBmdF9zdHJsY3B5KGRzdCwgc3JjLCAxMSkKYWx0IGlmIHNpemUgPiAwCiAgICBsb29wIHdoaWxlIHNyY1tpXSAhPSAnXDAnIGFuZCBpIDwgKHNpemUgLSAxKQogICAgICAgIEZTTEMtPj5GU0xDOiBDb3B5IHNyY1tpXSB0byBkc3RbaV0KICAgIGVuZAogICAgRlNMQy0+PkZTTEM6IFNldCBkc3RbaV0gdG8gJ1wwJwplbmQKRlNMQy0+PkZTTDogQ2FsbCBmdF9zdHJsZW4oc3JjKQpGU0wtLT4+RlNMQzogUmV0dXJuIGxlbmd0aCBvZiBzcmMKTS0+PlBGOiBDYWxsIHByaW50ZigiWyVzXSBpcyAlZC5cbiIsIGRzdCwgaSkKUEYtLT4+TTogUHJpbnQgdGhlIHJlc3VsdA== | G10: ft_strlcpy | H10: #include <stdio.h> size_t ft_strlen(const char *str) { size_t i; i = 0; while (str[i] != '\0') i++; return (i); } size_t ft_strlcpy(char *dst, const char *src, size_t size) { size_t i; i = 0; if (size > 0) { while (src[i] != '\0' && i < (size - 1)) { dst[i] = src[i]; i++; } dst[i] = '\0'; } return (ft_strlen(src)); } int main() { char *src = "1234567890"; char dst[50]; int i = ft_strlcpy(dst, src, 11); printf("[%s] is %d.\n", dst, i); }
A11: 1 | B11: 200 | C11: 1162 | D11: 1362 | E11: sequenceDiagram participant M as main() participant FSL as ft_strlen() participant FSLC as ft_strlcpy() participant PF as printf() M->>FSLC: Call ft_strlcpy(dst, src, 11) FSLC->>FSL: Call ft_strlen(src) FSLC-->>M: Return ft_strlen(src) note over FSLC: i=0 alt if size > 0 loop while src[i] != '\0' and i < (size - 1) FSLC->>FSLC: dst[i]=src[i] FSLC->>FSLC: increment i end FSLC->>FSLC: dst[i]='\0' end FSLC-->>M: Return ft_strlen(src) M->>PF: Call printf("[%s] is %d.\n", dst, i) PF-->>M: Prints the result | F11: https://mermaid.ink/img/JSV7aW5pdDp7J3RoZW1lJzonZm9yZXN0J319JSUKc2VxdWVuY2VEaWFncmFtCnBhcnRpY2lwYW50IE0gYXMgbWFpbigpCnBhcnRpY2lwYW50IEZTTCBhcyBmdF9zdHJsZW4oKQpwYXJ0aWNpcGFudCBGU0xDIGFzIGZ0X3N0cmxjcHkoKQpwYXJ0aWNpcGFudCBQRiBhcyBwcmludGYoKQpNLT4+RlNMQzogQ2FsbCBmdF9zdHJsY3B5KGRzdCwgc3JjLCAxMSkKRlNMQy0+PkZTTDogQ2FsbCBmdF9zdHJsZW4oc3JjKQpGU0xDLS0+Pk06IFJldHVybiBmdF9zdHJsZW4oc3JjKQpub3RlIG92ZXIgRlNMQzogaT0wCmFsdCBpZiBzaXplID4gMAogICAgbG9vcCB3aGlsZSBzcmNbaV0gIT0gJ1wwJyBhbmQgaSA8IChzaXplIC0gMSkKICAgICAgICBGU0xDLT4+RlNMQzogZHN0W2ldPXNyY1tpXQogICAgICAgIEZTTEMtPj5GU0xDOiBpbmNyZW1lbnQgaQogICAgZW5kCiAgICBGU0xDLT4+RlNMQzogZHN0W2ldPSdcMCcKZW5kCkZTTEMtLT4+TTogUmV0dXJuIGZ0X3N0cmxlbihzcmMpCk0tPj5QRjogQ2FsbCBwcmludGYoIlslc10gaXMgJWQuXG4iLCBkc3QsIGkpClBGLS0+Pk06IFByaW50cyB0aGUgcmVzdWx0Cg== | G11: ft_strlcpy | H11: #include <stdio.h> size_t ft_strlen(const char *str) { size_t i; i = 0; while (str[i] != '\0') i++; return (i); } size_t ft_strlcpy(char *dst, const char *src, size_t size) { size_t i; i = 0; if (size > 0) { while (src[i] != '\0' && i < (size - 1)) { dst[i] = src[i]; i++; } dst[i] = '\0'; } return (ft_strlen(src)); } int main() { char *src = "1234567890"; char dst[50]; int i = ft_strlcpy(dst, src, 11); printf("[%s] is %d.\n", dst, i); }
A12: 1 | B12: 129 | C12: 1059 | D12: 1188 | E12: sequenceDiagram participant M as main() participant FL as ft_strlen() participant PF as printf() M->>FL: Call ft_strlen(str) FL->>FL: Loop through the string note over FL: Initialize i = 0 loop while str[i] != '\0' FL->>FL: Increment i end FL-->>M: Return i note over M: str = "1234567890" note over M: i = value returned from ft_strlen M->>PF: Call printf("[%s] is %d.\n", str, i) PF-->>M: Print the result | F12: https://mermaid.ink/img/JSV7aW5pdDp7J3RoZW1lJzonZm9yZXN0J319JSUKc2VxdWVuY2VEaWFncmFtCnBhcnRpY2lwYW50IE0gYXMgbWFpbigpCnBhcnRpY2lwYW50IEZMIGFzIGZ0X3N0cmxlbigpCnBhcnRpY2lwYW50IFBGIGFzIHByaW50ZigpCk0tPj5GTDogQ2FsbCBmdF9zdHJsZW4oc3RyKQpGTC0+PkZMOiBMb29wIHRocm91Z2ggdGhlIHN0cmluZwpub3RlIG92ZXIgRkw6IEluaXRpYWxpemUgaSA9IDAKbG9vcCB3aGlsZSBzdHJbaV0gIT0gJ1wwJwogICAgRkwtPj5GTDogSW5jcmVtZW50IGkKZW5kCkZMLS0+Pk06IFJldHVybiBpCm5vdGUgb3ZlciBNOiBzdHIgPSAiMTIzNDU2Nzg5MCIKbm90ZSBvdmVyIE06IGkgPSB2YWx1ZSByZXR1cm5lZCBmcm9tIGZ0X3N0cmxlbgpNLT4+UEY6IENhbGwgcHJpbnRmKCJbJXNdIGlzICVkLlxuIiwgc3RyLCBpKQpQRi0tPj5NOiBQcmludCB0aGUgcmVzdWx0 | G12: ft_strlen | H12: #include <stdio.h> size_t ft_strlen(const char *str) { size_t i; i = 0; while (str[i] != '\0') i++; return (i); } int main() { char *str = "1234567890"; int i = ft_strlen(str); printf("[%s] is %d.\n", str, i); }
A13: 1 | B13: 96 | C13: 1059 | D13: 1155 | E13: sequenceDiagram participant main as main() participant FL as ft_strlen() participant PF as printf() main->>FL: Call ft_strlen(str) FL->>FL: Set i = 0 loop while str[i] != '\0' FL->>FL: Increment i end FL-->>main: Return i main->>PF: Call printf("[%s] is %d.\n", str, i) PF-->>main: Print the result | F13: https://mermaid.ink/img/JSV7aW5pdDp7J3RoZW1lJzonZm9yZXN0J319JSUKc2VxdWVuY2VEaWFncmFtCnBhcnRpY2lwYW50IG1haW4gYXMgbWFpbigpCnBhcnRpY2lwYW50IEZMIGFzIGZ0X3N0cmxlbigpCnBhcnRpY2lwYW50IFBGIGFzIHByaW50ZigpCm1haW4tPj5GTDogQ2FsbCBmdF9zdHJsZW4oc3RyKQpGTC0+PkZMOiBTZXQgaSA9IDAKbG9vcCB3aGlsZSBzdHJbaV0gIT0gJ1wwJwogICAgRkwtPj5GTDogSW5jcmVtZW50IGkKZW5kCkZMLS0+Pm1haW46IFJldHVybiBpCm1haW4tPj5QRjogQ2FsbCBwcmludGYoIlslc10gaXMgJWQuXG4iLCBzdHIsIGkpClBGLS0+Pm1haW46IFByaW50IHRoZSByZXN1bHQ= | G13: ft_strlen | H13: #include <stdio.h> size_t ft_strlen(const char *str) { size_t i; i = 0; while (str[i] != '\0') i++; return (i); } int main() { char *str = "1234567890"; int i = ft_strlen(str); printf("[%s] is %d.\n", str, i); }
... A101: 0 | B101: 7 | C101: 1072 | D101: 1079 | E101: ```plaintext input_error ``` | F101: N/A | G101: ft_memset | H101: #include <stdio.h> void *ft_memset(void *dst, int val, size_t len) { unsigned char *ptr; ptr = dst; while (len-- > 0) *ptr++ = val; return (dst); } int main() { char str[] = "1234567890"; char *ptr = ft_memset(str, 'a', 5); printf("%s\n", ptr); }

Sheet GPT-3.5-test2-testInput
A1: status | B1: comp | C1: prompt | D1: total | E1: mermaid | F1: url | G1: filename | H1: input
A2: 0 | B2: 223 | C2: 1182 | D2: 1405 | E2: ```plaintext sequenceDiagram participant main participant FSL as ft_strlen participant FSLCPY as ft_strlcpy participant PF as printf main->>FSLCPY: Call ft_strlcpy(dst, src, 11); FSLCPY->>FSL: Call ft_strlen(src); FSL-->>FSLCPY: Return length of src; FSLCPY->>FSLCPY: Initialize i = 0; alt size > 0 loop while src[i] != '\0' && i < (size - 1) FSLCPY->>FSLCPY: dst[i] = src[i]; FSLCPY->>FSLCPY: Increment i; end FSLCPY->>FSLCPY: dst[i] = '\0'; end FSLCPY-->>main: Return length of src; main->>PF: Call printf("[%s] is %d.\n", dst, i); PF-->>main: Print the result; ``` | F2: N/A | G2: ft_strlcpy | H2: #include <stdio.h> size_t ft_strlen(const char *str) { size_t i; i = 0; while (str[i] != '\0') i++; return (i); } size_t ft_strlcpy(char *dst, const char *src, size_t size) { size_t i; i = 0; if (size > 0) { while (src[i] != '\0' && i < (size - 1)) { dst[i] = src[i]; i++; } dst[i] = '\0'; } return (ft_strlen(src)); } int main() { char *src = "1234567890"; char dst[50]; int i = ft_strlcpy(dst, src, 11); printf("[%s] is %d.\n", dst, i); }
A3: 0 | B3: 215 | C3: 1182 | D3: 1397 | E3: sequenceDiagram participant main as main() participant FSL as ft_strlen() participant FSLC as ft_strlcpy() participant PF as printf() main->>FSLC: Call ft_strlcpy(dst, src, 11) FSLC->>FSL: Call ft_strlen(src) FSL->>FSLC: Return length of src alt if size > 0 loop through src, copy to dst FSLC->>FSLC: Increment i FSLC->>FSLC: Assign src[i] to dst[i] alt if src[i] is null or i reaches size - 1 FSLC->>FSLC: Assign null termination to dst end FSLC-->>main: Return length of src else FSLC-->>main: Return length of src end main->>PF: Call printf("[%s] is %d.\n", dst, i) PF-->>main: Print the result | F3: N/A | G3: ft_strlcpy | H3: #include <stdio.h> size_t ft_strlen(const char *str) { size_t i; i = 0; while (str[i] != '\0') i++; return (i); } size_t ft_strlcpy(char *dst, const char *src, size_t size) { size_t i; i = 0; if (size > 0) { while (src[i] != '\0' && i < (size - 1)) { dst[i] = src[i]; i++; } dst[i] = '\0'; } return (ft_strlen(src)); } int main() { char *src = "1234567890"; char dst[50]; int i = ft_strlcpy(dst, src, 11); printf("[%s] is %d.\n", dst, i); }
A4: 1 | B4: 175 | C4: 1182 | D4: 1357 | E4: sequenceDiagram participant main as main() participant FSL as ft_strlen() participant FSLCPY as ft_strlcpy() participant PF as printf() main->>FSLCPY: Call ft_strlcpy(dst, src, 11) FSLCPY->>FSL: Call ft_strlen(src) note over FSL: i = 0 loop while src[i] != '\0' and i < size - 1 alt if size > 0 FSLCPY->>FSLCPY: Copy src[i] to dst[i] else FSLCPY-->>main: return ft_strlen(src) end end FSLCPY->>PF: Call printf("[%s] is %d.\n", dst, i) PF-->>main: Print the result and i | F4: https://mermaid.ink/img/JSV7aW5pdDp7J3RoZW1lJzonZm9yZXN0J319JSUKc2VxdWVuY2VEaWFncmFtCnBhcnRpY2lwYW50IG1haW4gYXMgbWFpbigpCnBhcnRpY2lwYW50IEZTTCBhcyBmdF9zdHJsZW4oKQpwYXJ0aWNpcGFudCBGU0xDUFkgYXMgZnRfc3RybGNweSgpCnBhcnRpY2lwYW50IFBGIGFzIHByaW50ZigpCm1haW4tPj5GU0xDUFk6IENhbGwgZnRfc3RybGNweShkc3QsIHNyYywgMTEpCkZTTENQWS0+PkZTTDogQ2FsbCBmdF9zdHJsZW4oc3JjKQpub3RlIG92ZXIgRlNMOiBpID0gMApsb29wIHdoaWxlIHNyY1tpXSAhPSAnXDAnIGFuZCBpIDwgc2l6ZSAtIDEKICAgIGFsdCBpZiBzaXplID4gMAogICAgICAgIEZTTENQWS0+PkZTTENQWTogQ29weSBzcmNbaV0gdG8gZHN0W2ldCiAgICBlbHNlCiAgICAgICAgRlNMQ1BZLS0+Pm1haW46IHJldHVybiBmdF9zdHJsZW4oc3JjKQogICAgZW5kCmVuZApGU0xDUFktPj5QRjogQ2FsbCBwcmludGYoIlslc10gaXMgJWQuXG4iLCBkc3QsIGkpClBGLS0+Pm1haW46IFByaW50IHRoZSByZXN1bHQgYW5kIGk= | G4: ft_strlcpy | H4: #include <stdio.h> size_t ft_strlen(const char *str) { size_t i; i = 0; while (str[i] != '\0') i++; return (i); } size_t ft_strlcpy(char *dst, const char *src, size_t size) { size_t i; i = 0; if (size > 0) { while (src[i] != '\0' && i < (size - 1)) { dst[i] = src[i]; i++; } dst[i] = '\0'; } return (ft_strlen(src)); } int main() { char *src = "1234567890"; char dst[50]; int i = ft_strlcpy(dst, src, 11); printf("[%s] is %d.\n", dst, i); }
A5: 1 | B5: 161 | C5: 1182 | D5: 1343 | E5: sequenceDiagram participant main as main() participant strlen as ft_strlen() participant printf as printf() main->>strlen: Call ft_strlcpy(dst, src, 11) strlen->>strlen: initialize i = 0 loop while src[i] != '\0' and i < (size - 1) alt if size > 0 strlen->>strlen: dst[i] = src[i] strlen->>strlen: increment i else strlen->>strlen: break end end strlen->>strlen: dst[i] = '\0' strlen-->>main: return ft_strlen(src) main->>printf: call printf("[%s] is %d.\n", dst, i) printf-->>main: Prints the result | F5: https://mermaid.ink/img/JSV7aW5pdDp7J3RoZW1lJzonZm9yZXN0J319JSUKc2VxdWVuY2VEaWFncmFtCnBhcnRpY2lwYW50IG1haW4gYXMgbWFpbigpCnBhcnRpY2lwYW50IHN0cmxlbiBhcyBmdF9zdHJsZW4oKQpwYXJ0aWNpcGFudCBwcmludGYgYXMgcHJpbnRmKCkKbWFpbi0+PnN0cmxlbjogQ2FsbCBmdF9zdHJsY3B5KGRzdCwgc3JjLCAxMSkKc3RybGVuLT4+c3RybGVuOiBpbml0aWFsaXplIGkgPSAwCmxvb3Agd2hpbGUgc3JjW2ldICE9ICdcMCcgYW5kIGkgPCAoc2l6ZSAtIDEpCiAgICBhbHQgaWYgc2l6ZSA+IDAKICAgICAgICBzdHJsZW4tPj5zdHJsZW46IGRzdFtpXSA9IHNyY1tpXQogICAgICAgIHN0cmxlbi0+PnN0cmxlbjogaW5jcmVtZW50IGkKICAgIGVsc2UKICAgICAgICBzdHJsZW4tPj5zdHJsZW46IGJyZWFrCiAgICBlbmQKZW5kCnN0cmxlbi0+PnN0cmxlbjogZHN0W2ldID0gJ1wwJwpzdHJsZW4tLT4+bWFpbjogcmV0dXJuIGZ0X3N0cmxlbihzcmMpCm1haW4tPj5wcmludGY6IGNhbGwgcHJpbnRmKCJbJXNdIGlzICVkLlxuIiwgZHN0LCBpKQpwcmludGYtLT4+bWFpbjogUHJpbnRzIHRoZSByZXN1bHQ= | G5: ft_strlcpy | H5: #include <stdio.h> size_t ft_strlen(const char *str) { size_t i; i = 0; while (str[i] != '\0') i++; return (i); } size_t ft_strlcpy(char *dst, const char *src, size_t size) { size_t i; i = 0; if (size > 0) { while (src[i] != '\0' && i < (size - 1)) { dst[i] = src[i]; i++; } dst[i] = '\0'; } return (ft_strlen(src)); } int main() { char *src = "1234567890"; char dst[50]; int i = ft_strlcpy(dst, src, 11); printf("[%s] is %d.\n", dst, i); }
A6: 0 | B6: 263 | C6: 1182 | D6: 1445 | E6: ```plaintext sequenceDiagram participant main as main() participant FSL as ft_strlen() participant FSLC as ft_strlcpy() participant PF as printf() main->>FSLC: Call ft_strlcpy(dst, src, 11) FSLC->>FSL: Call ft_strlen(src) note over FSL: Initialize i = 0 loop while str[i] != '\0' FSL->>FSL: Increment i end FSL-->>FSLC: Return i alt if size > 0 FSLC->>FSLC: Copy characters from src to dst loop while src[i] != '\0' and i < (size - 1) FSLC->>FSLC: Copy src[i] to dst[i] FSLC->>FSLC: Increment i end FSLC->>FSLC: Add null-terminator to dst FSLC-->>main: Return ft_strlen(src) else FSLC-->>main: Return 10 end main->>PF: Call printf("[%s] is %d.\n", dst, i) PF-->>main: Print the result ``` | F6: N/A | G6: ft_strlcpy | H6: #include <stdio.h> size_t ft_strlen(const char *str) { size_t i; i = 0; while (str[i] != '\0') i++; return (i); } size_t ft_strlcpy(char *dst, const char *src, size_t size) { size_t i; i = 0; if (size > 0) { while (src[i] != '\0' && i < (size - 1)) { dst[i] = src[i]; i++; } dst[i] = '\0'; } return (ft_strlen(src)); } int main() { char *src = "1234567890"; char dst[50]; int i = ft_strlcpy(dst, src, 11); printf("[%s] is %d.\n", dst, i); }
A7: 1 | B7: 195 | C7: 1182 | D7: 1377 | E7: sequenceDiagram participant main as main() participant FSL as ft_strlen() participant FSLC as ft_strlcpy() participant PF as printf() main->>FSLC: Call ft_strlcpy(dst, src, 11) FSLC->>FSL: Call ft_strlen(src) FSLC->>FSLC: initialize i = 0 alt size > 0 loop while src[i] != '\0' && i < (size - 1) FSLC->>FSLC: dst[i] = src[i] FSLC->>FSLC: i++ end FSLC->>FSLC: dst[i] = '\0' end FSLC-->>main: Return value of ft_strlen(src) main->>PF: call printf("[%s] is %d.\n", dst, i) PF-->>main: Print the result | F7: https://mermaid.ink/img/JSV7aW5pdDp7J3RoZW1lJzonZm9yZXN0J319JSUKc2VxdWVuY2VEaWFncmFtCnBhcnRpY2lwYW50IG1haW4gYXMgbWFpbigpCnBhcnRpY2lwYW50IEZTTCBhcyBmdF9zdHJsZW4oKQpwYXJ0aWNpcGFudCBGU0xDIGFzIGZ0X3N0cmxjcHkoKQpwYXJ0aWNpcGFudCBQRiBhcyBwcmludGYoKQptYWluLT4+RlNMQzogQ2FsbCBmdF9zdHJsY3B5KGRzdCwgc3JjLCAxMSkKRlNMQy0+PkZTTDogQ2FsbCBmdF9zdHJsZW4oc3JjKQpGU0xDLT4+RlNMQzogaW5pdGlhbGl6ZSBpID0gMAphbHQgc2l6ZSA+IDAKICAgIGxvb3Agd2hpbGUgc3JjW2ldICE9ICdcMCcgJiYgaSA8IChzaXplIC0gMSkKICAgICAgICBGU0xDLT4+RlNMQzogZHN0W2ldID0gc3JjW2ldCgkJRlNMQy0+PkZTTEM6IGkrKwogICAgZW5kCiAgICBGU0xDLT4+RlNMQzogZHN0W2ldID0gJ1wwJwplbmQKRlNMQy0tPj5tYWluOiBSZXR1cm4gdmFsdWUgb2YgZnRfc3RybGVuKHNyYykKbWFpbi0+PlBGOiBjYWxsIHByaW50ZigiWyVzXSBpcyAlZC5cbiIsIGRzdCwgaSkKUEYtLT4+bWFpbjogUHJpbnQgdGhlIHJlc3VsdA== | G7: ft_strlcpy | H7: #include <stdio.h> size_t ft_strlen(const char *str) { size_t i; i = 0; while (str[i] != '\0') i++; return (i); } size_t ft_strlcpy(char *dst, const char *src, size_t size) { size_t i; i = 0; if (size > 0) { while (src[i] != '\0' && i < (size - 1)) { dst[i] = src[i]; i++; } dst[i] = '\0'; } return (ft_strlen(src)); } int main() { char *src = "1234567890"; char dst[50]; int i = ft_strlcpy(dst, src, 11); printf("[%s] is %d.\n", dst, i); }
A8: 0 | B8: 167 | C8: 1182 | D8: 1349 | E8: ```plaintext sequenceDiagram participant M as main() participant FSL as ft_strlen() participant FSLC as ft_strlcpy() participant PF as printf() M->>FSLC: Call ft_strlcpy(dst, src, 11) alt size > 0 FSLC->>FSL: Call ft_strlen(src) FSLC-->>FSLC: Copy src to dst note over FSLC: copy src to dst until size-1 FSLC-->>M: Return the length of src else size <= 0 FSLC-->>M: Return 0 end M->>PF: Call printf("[%s] is %d.\n", dst, i) PF-->>M: Print the result ``` | F8: N/A | G8: ft_strlcpy | H8: #include <stdio.h> size_t ft_strlen(const char *str) { size_t i; i = 0; while (str[i] != '\0') i++; return (i); } size_t ft_strlcpy(char *dst, const char *src, size_t size) { size_t i; i = 0; if (size > 0) { while (src[i] != '\0' && i < (size - 1)) { dst[i] = src[i]; i++; } dst[i] = '\0'; } return (ft_strlen(src)); } int main() { char *src = "1234567890"; char dst[50]; int i = ft_strlcpy(dst, src, 11); printf("[%s] is %d.\n", dst, i); }
A9: 0 | B9: 203 | C9: 1182 | D9: 1385 | E9: ```plaintext sequenceDiagram participant main participant FSL as ft_strlen participant FSLC as ft_strlcpy participant PF as printf main->>FSLC: Call ft_strlcpy(dst, src, 11) FSLC->>FSL: Call ft_strlen(src) FSL-->>FSLC: Return length of src alt size > 0 loop while src[i] != '\0' && i < (size - 1) FSLC->>FSLC: Copy src[i] to dst[i] end FSLC->>FSLC: Set dst[i] = '\0' FSLC-->>main: Return length of src else size <= 0 FSLC-->>main: Return 0 end main->>PF: Call printf("[%s] is %d.\n", dst, i) PF-->>main: Print the result ``` | F9: N/A | G9: ft_strlcpy | H9: #include <stdio.h> size_t ft_strlen(const char *str) { size_t i; i = 0; while (str[i] != '\0') i++; return (i); } size_t ft_strlcpy(char *dst, const char *src, size_t size) { size_t i; i = 0; if (size > 0) { while (src[i] != '\0' && i < (size - 1)) { dst[i] = src[i]; i++; } dst[i] = '\0'; } return (ft_strlen(src)); } int main() { char *src = "1234567890"; char dst[50]; int i = ft_strlcpy(dst, src, 11); printf("[%s] is %d.\n", dst, i); }
A10: 0 | B10: 177 | C10: 1182 | D10: 1359 | E10: ```plaintext sequenceDiagram participant main participant FSL as ft_strlen participant FSPL as ft_strlcpy participant PF as printf main->>FSPL: Call ft_strlcpy(dst, src, 11) FSPL->>FSL: Call ft_strlen(src) FSL-->>FSPL: Return length of src alt if size > 0 loop while src[i] != '\0' and i < (size - 1) FSPL->>FSPL: Copy src[i] to dst[i] end FSPL->>FSPL: Add '\0' to end of dst end FSPL-->>main: Return length of src main->>PF: Call printf("[%s] is %d.\n", dst, i) PF-->>main: Print the result ``` | F10: N/A | G10: ft_strlcpy | H10: #include <stdio.h> size_t ft_strlen(const char *str) { size_t i; i = 0; while (str[i] != '\0') i++; return (i); } size_t ft_strlcpy(char *dst, const char *src, size_t size) { size_t i; i = 0; if (size > 0) { while (src[i] != '\0' && i < (size - 1)) { dst[i] = src[i]; i++; } dst[i] = '\0'; } return (ft_strlen(src)); } int main() { char *src = "1234567890"; char dst[50]; int i = ft_strlcpy(dst, src, 11); printf("[%s] is %d.\n", dst, i); }
A11: 1 | B11: 178 | C11: 1182 | D11: 1360 | E11: sequenceDiagram participant main as main() participant strlen as ft_strlen() participant printf as printf() main -> strlen: Call ft_strlen(src) strlen -> main: return length of src main -> strlcpy: Call ft_strlcpy(dst, src, 11) strlcpy -> strlcpy: i = 0 alt size > 0 loop while src[i] != '\0' && i < (size - 1) strlcpy -> strlcpy: dst[i] = src[i] strlcpy -> strlcpy: increment i end strlcpy -> strlcpy: dst[i] = '\0' strlcpy->>main: return length of src else strlcpy->>main: return 0 end main -> printf: Print result string and length | F11: https://mermaid.ink/img/JSV7aW5pdDp7J3RoZW1lJzonZm9yZXN0J319JSUKc2VxdWVuY2VEaWFncmFtCnBhcnRpY2lwYW50IG1haW4gYXMgbWFpbigpCnBhcnRpY2lwYW50IHN0cmxlbiBhcyBmdF9zdHJsZW4oKQpwYXJ0aWNpcGFudCBwcmludGYgYXMgcHJpbnRmKCkKCm1haW4gLT4gc3RybGVuOiBDYWxsIGZ0X3N0cmxlbihzcmMpCnN0cmxlbiAtPiBtYWluOiByZXR1cm4gbGVuZ3RoIG9mIHNyYwoKbWFpbiAtPiBzdHJsY3B5OiBDYWxsIGZ0X3N0cmxjcHkoZHN0LCBzcmMsIDExKQpzdHJsY3B5IC0+IHN0cmxjcHk6IGkgPSAwCmFsdCBzaXplID4gMAogIGxvb3Agd2hpbGUgc3JjW2ldICE9ICdcMCcgJiYgaSA8IChzaXplIC0gMSkKICAgIHN0cmxjcHkgLT4gc3RybGNweTogZHN0W2ldID0gc3JjW2ldCiAgICBzdHJsY3B5IC0+IHN0cmxjcHk6IGluY3JlbWVudCBpCiAgZW5kCiAgc3RybGNweSAtPiBzdHJsY3B5OiBkc3RbaV0gPSAnXDAnCiAgc3RybGNweS0+Pm1haW46IHJldHVybiBsZW5ndGggb2Ygc3JjCmVsc2UKICBzdHJsY3B5LT4+bWFpbjogcmV0dXJuIDAKZW5kCgptYWluIC0+IHByaW50ZjogUHJpbnQgcmVzdWx0IHN0cmluZyBhbmQgbGVuZ3Ro | G11: ft_strlcpy | H11: #include <stdio.h> size_t ft_strlen(const char *str) { size_t i; i = 0; while (str[i] != '\0') i++; return (i); } size_t ft_strlcpy(char *dst, const char *src, size_t size) { size_t i; i = 0; if (size > 0) { while (src[i] != '\0' && i < (size - 1)) { dst[i] = src[i]; i++; } dst[i] = '\0'; } return (ft_strlen(src)); } int main() { char *src = "1234567890"; char dst[50]; int i = ft_strlcpy(dst, src, 11); printf("[%s] is %d.\n", dst, i); }
A12: 1 | B12: 101 | C12: 1079 | D12: 1180 | E12: sequenceDiagram participant main as main() participant FSL as ft_strlen() participant PF as printf() main->>FSL: Call ft_strlen(str) note over FSL: initialize i = 0 loop while str[i] != '\0' FSL->>FSL: Increment i end FSL-->>main: return i main->>PF: Call printf("[%s] is %d.\n", str, i) PF-->>main: Print the result | F12: https://mermaid.ink/img/JSV7aW5pdDp7J3RoZW1lJzonZm9yZXN0J319JSUKc2VxdWVuY2VEaWFncmFtCnBhcnRpY2lwYW50IG1haW4gYXMgbWFpbigpCnBhcnRpY2lwYW50IEZTTCBhcyBmdF9zdHJsZW4oKQpwYXJ0aWNpcGFudCBQRiBhcyBwcmludGYoKQptYWluLT4+RlNMOiBDYWxsIGZ0X3N0cmxlbihzdHIpCm5vdGUgb3ZlciBGU0w6IGluaXRpYWxpemUgaSA9IDAKbG9vcCB3aGlsZSBzdHJbaV0gIT0gJ1wwJwogICAgRlNMLT4+RlNMOiBJbmNyZW1lbnQgaQplbmQKRlNMLS0+Pm1haW46IHJldHVybiBpCm1haW4tPj5QRjogQ2FsbCBwcmludGYoIlslc10gaXMgJWQuXG4iLCBzdHIsIGkpClBGLS0+Pm1haW46IFByaW50IHRoZSByZXN1bHQ= | G12: ft_strlen | H12: #include <stdio.h> size_t ft_strlen(const char *str) { size_t i; i = 0; while (str[i] != '\0') i++; return (i); } int main() { char *str = "1234567890"; int i = ft_strlen(str); printf("[%s] is %d.\n", str, i); }
A13: 1 | B13: 71 | C13: 1079 | D13: 1150 | E13: sequenceDiagram participant main as main() participant FSL as ft_strlen() participant PF as printf() main->>FSL: Call ft_strlen(str) FSL-->>main: Return length of the string main->>PF: Call printf("[%s] is %d.\n", str, i) PF-->>main: Print the result | F13: https://mermaid.ink/img/JSV7aW5pdDp7J3RoZW1lJzonZm9yZXN0J319JSUKc2VxdWVuY2VEaWFncmFtCnBhcnRpY2lwYW50IG1haW4gYXMgbWFpbigpCnBhcnRpY2lwYW50IEZTTCBhcyBmdF9zdHJsZW4oKQpwYXJ0aWNpcGFudCBQRiBhcyBwcmludGYoKQptYWluLT4+RlNMOiBDYWxsIGZ0X3N0cmxlbihzdHIpCkZTTC0tPj5tYWluOiBSZXR1cm4gbGVuZ3RoIG9mIHRoZSBzdHJpbmcKbWFpbi0+PlBGOiBDYWxsIHByaW50ZigiWyVzXSBpcyAlZC5cbiIsIHN0ciwgaSkKUEYtLT4+bWFpbjogUHJpbnQgdGhlIHJlc3VsdA== | G13: ft_strlen | H13: #include <stdio.h> size_t ft_strlen(const char *str) { size_t i; i = 0; while (str[i] != '\0') i++; return (i); } int main() { char *str = "1234567890"; int i = ft_strlen(str); printf("[%s] is %d.\n", str, i); }
... A101: 0 | B101: 119 | C101: 1172 | D101: 1291 | E101: ```plaintext sequenceDiagram participant main participant FM as ft_memset participant PF as printf main->>FM: Call ft_memset(str, 'a', 5) note over FM: Initialize ptr as the starting address of str loop while len > 0 FM->>FM: Set value at ptr to 'a' FM->>FM: Move ptr to the next address end FM-->>main: Return str main->>PF: Call printf("%s\n", ptr) PF-->>main: Print the result ``` | F101: N/A | G101: ft_memset | H101: #include <stdio.h> void *ft_memset(void *dst, int val, size_t len) { unsigned char *ptr; ptr = dst; while (len-- > 0) *ptr++ = val; return (dst); } int main() { char str[] = "1234567890"; char *ptr = ft_memset(str, 'a', 5); printf("%s\n", ptr); }

Sheet GPT-3.5-test3-testInput
A1: status | B1: comp | C1: prompt | D1: total | E1: mermaid | F1: url | G1: filename | H1: input
A2: 0 | B2: 186 | C2: 1188 | D2: 1374 | E2: sequenceDiagram participant M as main() participant FSL as ft_strlen() participant FSLC as ft_strlcpy() participant PF as printf() M->>FSLC: Call ft_strlcpy(dst, src, 11) FSLC->>FSL: Call ft_strlen(src) FSL->>FSLC: Return length of src alt if size > 0 loop through src and copy to dst FSLC->>FSLC: Copy each character from src to dst note over FSLC: Add null-terminator at the end of dst FSLC-->>M: Return length of src else Otherwise FSLC-->>M: Return length of src end M->>PF: Call printf("[%s] is %d.\n", dst, i) PF-->>M: Print the result | F2: N/A | G2: ft_strlcpy | H2: #include <stdio.h> size_t ft_strlen(const char *str) { size_t i; i = 0; while (str[i] != '\0') i++; return (i); } size_t ft_strlcpy(char *dst, const char *src, size_t size) { size_t i; i = 0; if (size > 0) { while (src[i] != '\0' && i < (size - 1)) { dst[i] = src[i]; i++; } dst[i] = '\0'; } return (ft_strlen(src)); } int main() { char *src = "1234567890"; char dst[50]; int i = ft_strlcpy(dst, src, 11); printf("[%s] is %d.\n", dst, i); }
A3: 1 | B3: 246 | C3: 1188 | D3: 1434 | E3: sequenceDiagram participant main as main() participant FSL as ft_strlen() participant FSLC as ft_strlcpy() participant PF as printf() main->>FSLC: Call ft_strlcpy(dst, src, 11) alt size > 0 FSLC->>FSL: Call ft_strlen(src) FSL->>FSLC: Return length of src FSLC->>FSLC: Copy characters from src to dst note over FSLC: i = 0 loop while src[i] != '\0' && i < (size - 1) FSLC->>FSLC: Copy src[i] to dst[i] FSLC->>FSLC: increment i end FSLC->>FSLC: Store '\0' at the end of dst FSLC->>main: Return length of src else size <= 0 FSLC-->>main: Return 0 end main->>PF: Call printf("[%s] is %d.\n", dst, i) PF-->>main: Print the result | F3: https://mermaid.ink/img/JSV7aW5pdDp7J3RoZW1lJzonZm9yZXN0J319JSUKc2VxdWVuY2VEaWFncmFtCnBhcnRpY2lwYW50IG1haW4gYXMgbWFpbigpCnBhcnRpY2lwYW50IEZTTCBhcyBmdF9zdHJsZW4oKQpwYXJ0aWNpcGFudCBGU0xDIGFzIGZ0X3N0cmxjcHkoKQpwYXJ0aWNpcGFudCBQRiBhcyBwcmludGYoKQptYWluLT4+RlNMQzogQ2FsbCBmdF9zdHJsY3B5KGRzdCwgc3JjLCAxMSkKYWx0IHNpemUgPiAwCiAgICBGU0xDLT4+RlNMOiBDYWxsIGZ0X3N0cmxlbihzcmMpCiAgICBGU0wtPj5GU0xDOiBSZXR1cm4gbGVuZ3RoIG9mIHNyYwogICAgRlNMQy0+PkZTTEM6IENvcHkgY2hhcmFjdGVycyBmcm9tIHNyYyB0byBkc3QKICAgIG5vdGUgb3ZlciBGU0xDOiBpID0gMAogICAgbG9vcCB3aGlsZSBzcmNbaV0gIT0gJ1wwJyAmJiBpIDwgKHNpemUgLSAxKQogICAgICAgIEZTTEMtPj5GU0xDOiBDb3B5IHNyY1tpXSB0byBkc3RbaV0KICAgICAgICBGU0xDLT4+RlNMQzogaW5jcmVtZW50IGkKICAgIGVuZAogICAgRlNMQy0+PkZTTEM6IFN0b3JlICdcMCcgYXQgdGhlIGVuZCBvZiBkc3QKICAgIEZTTEMtPj5tYWluOiBSZXR1cm4gbGVuZ3RoIG9mIHNyYwplbHNlIHNpemUgPD0gMAogICAgRlNMQy0tPj5tYWluOiBSZXR1cm4gMAplbmQKbWFpbi0+PlBGOiBDYWxsIHByaW50ZigiWyVzXSBpcyAlZC5cbiIsIGRzdCwgaSkKUEYtLT4+bWFpbjogUHJpbnQgdGhlIHJlc3VsdA== | G3: ft_strlcpy | H3: #include <stdio.h> size_t ft_strlen(const char *str) { size_t i; i = 0; while (str[i] != '\0') i++; return (i); } size_t ft_strlcpy(char *dst, const char *src, size_t size) { size_t i; i = 0; if (size > 0) { while (src[i] != '\0' && i < (size - 1)) { dst[i] = src[i]; i++; } dst[i] = '\0'; } return (ft_strlen(src)); } int main() { char *src = "1234567890"; char dst[50]; int i = ft_strlcpy(dst, src, 11); printf("[%s] is %d.\n", dst, i); }
A4: 1 | B4: 193 | C4: 1188 | D4: 1381 | E4: sequenceDiagram participant main as main() participant FSL as ft_strlen() participant FSLC as ft_strlcpy() participant PF as printf() main->>FSLC: Call ft_strlcpy(dst, src, 11) FSLC->>FSL: Call ft_strlen(src) FSLC->>FSL: Call ft_strlen(src) (inside ft_strlcpy) FSL-->>FSLC: Return length of src alt if size > 0 loop up to size - 1 or until src ends FSLC->>FSLC: Copy src to dst end FSLC->>FSLC: Add null terminator end FSLC-->>main: Return length of src main->>PF: Call printf("[%s] is %d.\n", dst, i) PF-->>main: Print the concatenated string and length i | F4: https://mermaid.ink/img/JSV7aW5pdDp7J3RoZW1lJzonZm9yZXN0J319JSUKc2VxdWVuY2VEaWFncmFtCnBhcnRpY2lwYW50IG1haW4gYXMgbWFpbigpCnBhcnRpY2lwYW50IEZTTCBhcyBmdF9zdHJsZW4oKQpwYXJ0aWNpcGFudCBGU0xDIGFzIGZ0X3N0cmxjcHkoKQpwYXJ0aWNpcGFudCBQRiBhcyBwcmludGYoKQptYWluLT4+RlNMQzogQ2FsbCBmdF9zdHJsY3B5KGRzdCwgc3JjLCAxMSkKRlNMQy0+PkZTTDogQ2FsbCBmdF9zdHJsZW4oc3JjKQpGU0xDLT4+RlNMOiBDYWxsIGZ0X3N0cmxlbihzcmMpIChpbnNpZGUgZnRfc3RybGNweSkKRlNMLS0+PkZTTEM6IFJldHVybiBsZW5ndGggb2Ygc3JjCmFsdCBpZiBzaXplID4gMAogICAgbG9vcCB1cCB0byBzaXplIC0gMSBvciB1bnRpbCBzcmMgZW5kcwogICAgICAgIEZTTEMtPj5GU0xDOiBDb3B5IHNyYyB0byBkc3QKICAgIGVuZAogICAgRlNMQy0+PkZTTEM6IEFkZCBudWxsIHRlcm1pbmF0b3IKZW5kCkZTTEMtLT4+bWFpbjogUmV0dXJuIGxlbmd0aCBvZiBzcmMKbWFpbi0+PlBGOiBDYWxsIHByaW50ZigiWyVzXSBpcyAlZC5cbiIsIGRzdCwgaSkKUEYtLT4+bWFpbjogUHJpbnQgdGhlIGNvbmNhdGVuYXRlZCBzdHJpbmcgYW5kIGxlbmd0aCBp | G4: ft_strlcpy | H4: #include <stdio.h> size_t ft_strlen(const char *str) { size_t i; i = 0; while (str[i] != '\0') i++; return (i); } size_t ft_strlcpy(char *dst, const char *src, size_t size) { size_t i; i = 0; if (size > 0) { while (src[i] != '\0' && i < (size - 1)) { dst[i] = src[i]; i++; } dst[i] = '\0'; } return (ft_strlen(src)); } int main() { char *src = "1234567890"; char dst[50]; int i = ft_strlcpy(dst, src, 11); printf("[%s] is %d.\n", dst, i); }
A5: 1 | B5: 178 | C5: 1188 | D5: 1366 | E5: sequenceDiagram participant main as main() participant FSL as ft_strlen() participant FSLC as ft_strlcpy() participant PF as printf() main->>FSLC: Call ft_strlcpy(dst, src, 11) FSLC->>FSL: Call ft_strlen(src) FSL->>FSLC: Returns the length of src alt if size > 0 FSLC->>FSLC: Copy src to dst note over FSLC: Add null terminator at the end FSLC-->>main: Return length of src else FSLC-->>main: Return length of src end main->>PF: Call printf("[%s] is %d.\n", dst, i) PF-->>main: Prints [1234567890] is 10. | F5: https://mermaid.ink/img/JSV7aW5pdDp7J3RoZW1lJzonZm9yZXN0J319JSUKc2VxdWVuY2VEaWFncmFtCnBhcnRpY2lwYW50IG1haW4gYXMgbWFpbigpCnBhcnRpY2lwYW50IEZTTCBhcyBmdF9zdHJsZW4oKQpwYXJ0aWNpcGFudCBGU0xDIGFzIGZ0X3N0cmxjcHkoKQpwYXJ0aWNpcGFudCBQRiBhcyBwcmludGYoKQptYWluLT4+RlNMQzogQ2FsbCBmdF9zdHJsY3B5KGRzdCwgc3JjLCAxMSkKRlNMQy0+PkZTTDogQ2FsbCBmdF9zdHJsZW4oc3JjKQpGU0wtPj5GU0xDOiBSZXR1cm5zIHRoZSBsZW5ndGggb2Ygc3JjCmFsdCBpZiBzaXplID4gMAogIEZTTEMtPj5GU0xDOiBDb3B5IHNyYyB0byBkc3QKICBub3RlIG92ZXIgRlNMQzogQWRkIG51bGwgdGVybWluYXRvciBhdCB0aGUgZW5kCiAgRlNMQy0tPj5tYWluOiBSZXR1cm4gbGVuZ3RoIG9mIHNyYwplbHNlCiAgRlNMQy0tPj5tYWluOiBSZXR1cm4gbGVuZ3RoIG9mIHNyYwplbmQKbWFpbi0+PlBGOiBDYWxsIHByaW50ZigiWyVzXSBpcyAlZC5cbiIsIGRzdCwgaSkKUEYtLT4+bWFpbjogUHJpbnRzIFsxMjM0NTY3ODkwXSBpcyAxMC4= | G5: ft_strlcpy | H5: #include <stdio.h> size_t ft_strlen(const char *str) { size_t i; i = 0; while (str[i] != '\0') i++; return (i); } size_t ft_strlcpy(char *dst, const char *src, size_t size) { size_t i; i = 0; if (size > 0) { while (src[i] != '\0' && i < (size - 1)) { dst[i] = src[i]; i++; } dst[i] = '\0'; } return (ft_strlen(src)); } int main() { char *src = "1234567890"; char dst[50]; int i = ft_strlcpy(dst, src, 11); printf("[%s] is %d.\n", dst, i); }
A6: 1 | B6: 181 | C6: 1188 | D6: 1369 | E6: sequenceDiagram participant M as main() participant FSL as ft_strlen() participant FSLC as ft_strlcpy() participant PF as printf() M->>FSLC: call ft_strlcpy(dst, src, 11) alt if size > 0 FSLC->>FSL: call ft_strlen(src) FSL->>FSLC: return length of src alt while src[i] != '\0' && i < (size - 1) note over FSLC: copy src to dst end note over FSLC: add null-terminator to dst else note over FSLC: return length of src end FSLC->>PF: call printf("[%s] is %d.\n", dst, i) PF-->>M: print result and string dst | F6: https://mermaid.ink/img/JSV7aW5pdDp7J3RoZW1lJzonZm9yZXN0J319JSUKc2VxdWVuY2VEaWFncmFtCnBhcnRpY2lwYW50IE0gYXMgbWFpbigpCnBhcnRpY2lwYW50IEZTTCBhcyBmdF9zdHJsZW4oKQpwYXJ0aWNpcGFudCBGU0xDIGFzIGZ0X3N0cmxjcHkoKQpwYXJ0aWNpcGFudCBQRiBhcyBwcmludGYoKQoKTS0+PkZTTEM6IGNhbGwgZnRfc3RybGNweShkc3QsIHNyYywgMTEpCmFsdCBpZiBzaXplID4gMAogICAgRlNMQy0+PkZTTDogY2FsbCBmdF9zdHJsZW4oc3JjKQogICAgRlNMLT4+RlNMQzogcmV0dXJuIGxlbmd0aCBvZiBzcmMKICAgIGFsdCB3aGlsZSBzcmNbaV0gIT0gJ1wwJyAmJiBpIDwgKHNpemUgLSAxKQogICAgICAgIG5vdGUgb3ZlciBGU0xDOiBjb3B5IHNyYyB0byBkc3QKICAgIGVuZAogICAgbm90ZSBvdmVyIEZTTEM6IGFkZCBudWxsLXRlcm1pbmF0b3IgdG8gZHN0CmVsc2UKICAgIG5vdGUgb3ZlciBGU0xDOiByZXR1cm4gbGVuZ3RoIG9mIHNyYwplbmQKRlNMQy0+PlBGOiBjYWxsIHByaW50ZigiWyVzXSBpcyAlZC5cbiIsIGRzdCwgaSkKUEYtLT4+TTogcHJpbnQgcmVzdWx0IGFuZCBzdHJpbmcgZHN0 | G6: ft_strlcpy | H6: #include <stdio.h> size_t ft_strlen(const char *str) { size_t i; i = 0; while (str[i] != '\0') i++; return (i); } size_t ft_strlcpy(char *dst, const char *src, size_t size) { size_t i; i = 0; if (size > 0) { while (src[i] != '\0' && i < (size - 1)) { dst[i] = src[i]; i++; } dst[i] = '\0'; } return (ft_strlen(src)); } int main() { char *src = "1234567890"; char dst[50]; int i = ft_strlcpy(dst, src, 11); printf("[%s] is %d.\n", dst, i); }
A7: 1 | B7: 217 | C7: 1188 | D7: 1405 | E7: sequenceDiagram participant main as main() participant FSL as ft_strlen() participant FSLCPY as ft_strlcpy() participant PF as printf() main->>FSLCPY: Call ft_strlcpy(dst, src, 11) note over FSLCPY: initialize i = 0 alt if size > 0 loop while src[i] != '\0' and i < (size - 1) FSLCPY->>FSLCPY: dst[i] = src[i] FSLCPY->>FSLCPY: increment i end FSLCPY->>FSLCPY: dst[i] = '\0' end FSLCPY->>FSL: Call ft_strlen(src) FSL-->>FSLCPY: return length of src FSLCPY-->>main: return length of src main->>PF: Call printf("[%s] is %d.\n", dst, i) PF-->>main: Print the result | F7: https://mermaid.ink/img/JSV7aW5pdDp7J3RoZW1lJzonZm9yZXN0J319JSUKc2VxdWVuY2VEaWFncmFtCnBhcnRpY2lwYW50IG1haW4gYXMgbWFpbigpCnBhcnRpY2lwYW50IEZTTCBhcyBmdF9zdHJsZW4oKQpwYXJ0aWNpcGFudCBGU0xDUFkgYXMgZnRfc3RybGNweSgpCnBhcnRpY2lwYW50IFBGIGFzIHByaW50ZigpCm1haW4tPj5GU0xDUFk6IENhbGwgZnRfc3RybGNweShkc3QsIHNyYywgMTEpCm5vdGUgb3ZlciBGU0xDUFk6IGluaXRpYWxpemUgaSA9IDAKYWx0IGlmIHNpemUgPiAwCiAgICBsb29wIHdoaWxlIHNyY1tpXSAhPSAnXDAnIGFuZCBpIDwgKHNpemUgLSAxKQogICAgICAgIEZTTENQWS0+PkZTTENQWTogZHN0W2ldID0gc3JjW2ldCiAgICAgICAgRlNMQ1BZLT4+RlNMQ1BZOiBpbmNyZW1lbnQgaQogICAgZW5kCiAgICBGU0xDUFktPj5GU0xDUFk6IGRzdFtpXSA9ICdcMCcKZW5kCkZTTENQWS0+PkZTTDogQ2FsbCBmdF9zdHJsZW4oc3JjKQpGU0wtLT4+RlNMQ1BZOiByZXR1cm4gbGVuZ3RoIG9mIHNyYwpGU0xDUFktLT4+bWFpbjogcmV0dXJuIGxlbmd0aCBvZiBzcmMKbWFpbi0+PlBGOiBDYWxsIHByaW50ZigiWyVzXSBpcyAlZC5cbiIsIGRzdCwgaSkKUEYtLT4+bWFpbjogUHJpbnQgdGhlIHJlc3VsdA== | G7: ft_strlcpy | H7: #include <stdio.h> size_t ft_strlen(const char *str) { size_t i; i = 0; while (str[i] != '\0') i++; return (i); } size_t ft_strlcpy(char *dst, const char *src, size_t size) { size_t i; i = 0; if (size > 0) { while (src[i] != '\0' && i < (size - 1)) { dst[i] = src[i]; i++; } dst[i] = '\0'; } return (ft_strlen(src)); } int main() { char *src = "1234567890"; char dst[50]; int i = ft_strlcpy(dst, src, 11); printf("[%s] is %d.\n", dst, i); }
A8: 1 | B8: 200 | C8: 1188 | D8: 1388 | E8: sequenceDiagram participant main as main() participant FSL as ft_strlen() participant FSLCPY as ft_strlcpy() participant PF as printf() main->>FSLCPY: Call ft_strlcpy(dst, src, 11) alt size > 0 loop i < size - 1 and src[i] != '\0' FSLCPY->>FSLCPY: Copy src[i] to dst[i] end FSLCPY->>FSLCPY: Set dst[i] to '\0' FSLCPY->>FSL: Call ft_strlen(src) FSL-->>FSLCPY: Return length of src else size <= 0 FSLCPY-->>main: Return 0 end main->>PF: Call printf("[%s] is %d.\n", dst, i) PF-->>main: Print the result of ft_strlcpy | F8: https://mermaid.ink/img/JSV7aW5pdDp7J3RoZW1lJzonZm9yZXN0J319JSUKc2VxdWVuY2VEaWFncmFtCnBhcnRpY2lwYW50IG1haW4gYXMgbWFpbigpCnBhcnRpY2lwYW50IEZTTCBhcyBmdF9zdHJsZW4oKQpwYXJ0aWNpcGFudCBGU0xDUFkgYXMgZnRfc3RybGNweSgpCnBhcnRpY2lwYW50IFBGIGFzIHByaW50ZigpCm1haW4tPj5GU0xDUFk6IENhbGwgZnRfc3RybGNweShkc3QsIHNyYywgMTEpCmFsdCBzaXplID4gMAogICAgbG9vcCBpIDwgc2l6ZSAtIDEgYW5kIHNyY1tpXSAhPSAnXDAnCiAgICAgICAgRlNMQ1BZLT4+RlNMQ1BZOiBDb3B5IHNyY1tpXSB0byBkc3RbaV0KICAgIGVuZAogICAgRlNMQ1BZLT4+RlNMQ1BZOiBTZXQgZHN0W2ldIHRvICdcMCcKICAgIEZTTENQWS0+PkZTTDogQ2FsbCBmdF9zdHJsZW4oc3JjKQogICAgRlNMLS0+PkZTTENQWTogUmV0dXJuIGxlbmd0aCBvZiBzcmMKZWxzZSBzaXplIDw9IDAKICAgIEZTTENQWS0tPj5tYWluOiBSZXR1cm4gMAplbmQKbWFpbi0+PlBGOiBDYWxsIHByaW50ZigiWyVzXSBpcyAlZC5cbiIsIGRzdCwgaSkKUEYtLT4+bWFpbjogUHJpbnQgdGhlIHJlc3VsdCBvZiBmdF9zdHJsY3B5 | G8: ft_strlcpy | H8: #include <stdio.h> size_t ft_strlen(const char *str) { size_t i; i = 0; while (str[i] != '\0') i++; return (i); } size_t ft_strlcpy(char *dst, const char *src, size_t size) { size_t i; i = 0; if (size > 0) { while (src[i] != '\0' && i < (size - 1)) { dst[i] = src[i]; i++; } dst[i] = '\0'; } return (ft_strlen(src)); } int main() { char *src = "1234567890"; char dst[50]; int i = ft_strlcpy(dst, src, 11); printf("[%s] is %d.\n", dst, i); }
A9: 1 | B9: 222 | C9: 1188 | D9: 1410 | E9: sequenceDiagram participant main as main() participant FSL as ft_strlen() participant FSLCPY as ft_strlcpy() participant PF as printf() main->>FSLCPY: call ft_strlcpy(dst, src, 11) note over FSLCPY: initialize i = 0 alt if size > 0 loop while src[i] != '\0' and i < (size - 1) FSLCPY->>FSLCPY: copy src[i] to dst[i] end FSLCPY->>FSLCPY: set dst[i] = '\0' FSLCPY->>FSL: call ft_strlen(src) FSL-->>FSLCPY: return i (length of src) else FSLCPY-->>main: return 0 (size <= 0) end main->>PF: call printf("[%s] is %d.\n", dst, i) PF-->>main: [1234567890] is 10. | F9: https://mermaid.ink/img/JSV7aW5pdDp7J3RoZW1lJzonZm9yZXN0J319JSUKc2VxdWVuY2VEaWFncmFtCnBhcnRpY2lwYW50IG1haW4gYXMgbWFpbigpCnBhcnRpY2lwYW50IEZTTCBhcyBmdF9zdHJsZW4oKQpwYXJ0aWNpcGFudCBGU0xDUFkgYXMgZnRfc3RybGNweSgpCnBhcnRpY2lwYW50IFBGIGFzIHByaW50ZigpCm1haW4tPj5GU0xDUFk6IGNhbGwgZnRfc3RybGNweShkc3QsIHNyYywgMTEpCm5vdGUgb3ZlciBGU0xDUFk6IGluaXRpYWxpemUgaSA9IDAKYWx0IGlmIHNpemUgPiAwCiAgICBsb29wIHdoaWxlIHNyY1tpXSAhPSAnXDAnIGFuZCBpIDwgKHNpemUgLSAxKQogICAgICAgIEZTTENQWS0+PkZTTENQWTogY29weSBzcmNbaV0gdG8gZHN0W2ldCiAgICBlbmQKICAgIEZTTENQWS0+PkZTTENQWTogc2V0IGRzdFtpXSA9ICdcMCcKICAgIEZTTENQWS0+PkZTTDogY2FsbCBmdF9zdHJsZW4oc3JjKQogICAgRlNMLS0+PkZTTENQWTogcmV0dXJuIGkgKGxlbmd0aCBvZiBzcmMpCmVsc2UKICAgIEZTTENQWS0tPj5tYWluOiByZXR1cm4gMCAoc2l6ZSA8PSAwKQplbmQKbWFpbi0+PlBGOiBjYWxsIHByaW50ZigiWyVzXSBpcyAlZC5cbiIsIGRzdCwgaSkKUEYtLT4+bWFpbjogWzEyMzQ1Njc4OTBdIGlzIDEwLg== | G9: ft_strlcpy | H9: #include <stdio.h> size_t ft_strlen(const char *str) { size_t i; i = 0; while (str[i] != '\0') i++; return (i); } size_t ft_strlcpy(char *dst, const char *src, size_t size) { size_t i; i = 0; if (size > 0) { while (src[i] != '\0' && i < (size - 1)) { dst[i] = src[i]; i++; } dst[i] = '\0'; } return (ft_strlen(src)); } int main() { char *src = "1234567890"; char dst[50]; int i = ft_strlcpy(dst, src, 11); printf("[%s] is %d.\n", dst, i); }
A10: 0 | B10: 214 | C10: 1188 | D10: 1402 | E10: sequenceDiagram participant main as main() participant FSL as ft_strlen() participant FSLC as ft_strlcpy() participant PF as printf() main->>FSLC: Call ft_strlcpy(dst, src, 11) FSLC->>FSL: Call ft_strlen(src) note over FSL: initialize i = 0 loop while str[i] != '\0' FSL-->>FSLC: return i alt if size > 0 loop while src[i] != '\0' and i < (size - 1) FSLC->>FSLC: dst[i] = src[i] FSLC->>FSLC: increment i end FSLC->>FSLC: dst[i] = '\0' end FSLC-->>main: Return value of ft_strlen(src) main->>PF: Call printf("[%s] is %d.\n", dst, i) PF-->>main: print the result | F10: N/A | G10: ft_strlcpy | H10: #include <stdio.h> size_t ft_strlen(const char *str) { size_t i; i = 0; while (str[i] != '\0') i++; return (i); } size_t ft_strlcpy(char *dst, const char *src, size_t size) { size_t i; i = 0; if (size > 0) { while (src[i] != '\0' && i < (size - 1)) { dst[i] = src[i]; i++; } dst[i] = '\0'; } return (ft_strlen(src)); } int main() { char *src = "1234567890"; char dst[50]; int i = ft_strlcpy(dst, src, 11); printf("[%s] is %d.\n", dst, i); }
A11: 1 | B11: 197 | C11: 1188 | D11: 1385 | E11: sequenceDiagram participant M as main() participant FSL as ft_strlen() participant FSLC as ft_strlcpy() participant PF as printf() M->>FSLC: Call ft_strlcpy(dst, src, 11) FSLC->>FSL: Call ft_strlen(src) FSL-->>FSLC: Return length of src alt if size > 0 loop while src[i] != '\0' && i < (size - 1) FSLC->>FSLC: Copy src[i] to dst[i] FSLC->>FSLC: increment i end FSLC->>FSLC: Terminate dst with '\0' else FSLC-->>M: Return length of src end M->>PF: call printf("[%s] is %d.\n", dst, i) PF-->>M: Print the result | F11: https://mermaid.ink/img/JSV7aW5pdDp7J3RoZW1lJzonZm9yZXN0J319JSUKc2VxdWVuY2VEaWFncmFtCnBhcnRpY2lwYW50IE0gYXMgbWFpbigpCnBhcnRpY2lwYW50IEZTTCBhcyBmdF9zdHJsZW4oKQpwYXJ0aWNpcGFudCBGU0xDIGFzIGZ0X3N0cmxjcHkoKQpwYXJ0aWNpcGFudCBQRiBhcyBwcmludGYoKQpNLT4+RlNMQzogQ2FsbCBmdF9zdHJsY3B5KGRzdCwgc3JjLCAxMSkKRlNMQy0+PkZTTDogQ2FsbCBmdF9zdHJsZW4oc3JjKQpGU0wtLT4+RlNMQzogUmV0dXJuIGxlbmd0aCBvZiBzcmMKYWx0IGlmIHNpemUgPiAwCiAgICBsb29wIHdoaWxlIHNyY1tpXSAhPSAnXDAnICYmIGkgPCAoc2l6ZSAtIDEpCiAgICAgICAgRlNMQy0+PkZTTEM6IENvcHkgc3JjW2ldIHRvIGRzdFtpXQogICAgICAgIEZTTEMtPj5GU0xDOiBpbmNyZW1lbnQgaQogICAgZW5kCiAgICBGU0xDLT4+RlNMQzogVGVybWluYXRlIGRzdCB3aXRoICdcMCcKZWxzZQogICAgRlNMQy0tPj5NOiBSZXR1cm4gbGVuZ3RoIG9mIHNyYwplbmQKTS0+PlBGOiBjYWxsIHByaW50ZigiWyVzXSBpcyAlZC5cbiIsIGRzdCwgaSkKUEYtLT4+TTogUHJpbnQgdGhlIHJlc3VsdA== | G11: ft_strlcpy | H11: #include <stdio.h> size_t ft_strlen(const char *str) { size_t i; i = 0; while (str[i] != '\0') i++; return (i); } size_t ft_strlcpy(char *dst, const char *src, size_t size) { size_t i; i = 0; if (size > 0) { while (src[i] != '\0' && i < (size - 1)) { dst[i] = src[i]; i++; } dst[i] = '\0'; } return (ft_strlen(src)); } int main() { char *src = "1234567890"; char dst[50]; int i = ft_strlcpy(dst, src, 11); printf("[%s] is %d.\n", dst, i); }
A12: 1 | B12: 113 | C12: 1085 | D12: 1198 | E12: sequenceDiagram participant main as main() participant FL as ft_strlen() participant PF as printf() main->>FL: Call ft_strlen("1234567890") FL->>FL: Initialize i = 0 loop while str[i] != '\0' FL->>FL: Increment i end FL-->>main: Return i main->>PF: Call printf("[%s] is %d.\n", "1234567890", 10) PF-->>main: Print "[1234567890] is 10." | F12: https://mermaid.ink/img/JSV7aW5pdDp7J3RoZW1lJzonZm9yZXN0J319JSUKc2VxdWVuY2VEaWFncmFtCnBhcnRpY2lwYW50IG1haW4gYXMgbWFpbigpCnBhcnRpY2lwYW50IEZMIGFzIGZ0X3N0cmxlbigpCnBhcnRpY2lwYW50IFBGIGFzIHByaW50ZigpCm1haW4tPj5GTDogQ2FsbCBmdF9zdHJsZW4oIjEyMzQ1Njc4OTAiKQpGTC0+PkZMOiBJbml0aWFsaXplIGkgPSAwCmxvb3Agd2hpbGUgc3RyW2ldICE9ICdcMCcKICAgIEZMLT4+Rkw6IEluY3JlbWVudCBpCmVuZApGTC0tPj5tYWluOiBSZXR1cm4gaQptYWluLT4+UEY6IENhbGwgcHJpbnRmKCJbJXNdIGlzICVkLlxuIiwgIjEyMzQ1Njc4OTAiLCAxMCkKUEYtLT4+bWFpbjogUHJpbnQgIlsxMjM0NTY3ODkwXSBpcyAxMC4i | G12: ft_strlen | H12: #include <stdio.h> size_t ft_strlen(const char *str) { size_t i; i = 0; while (str[i] != '\0') i++; return (i); } int main() { char *str = "1234567890"; int i = ft_strlen(str); printf("[%s] is %d.\n", str, i); }
A13: 1 | B13: 101 | C13: 1085 | D13: 1186 | E13: sequenceDiagram participant M as main() participant FSL as ft_strlen() participant PF as printf() M->>FSL: Call ft_strlen(str) note over FSL: initialize i = 0 loop while str[i] != '\0' FSL->>FSL: increment i end FSL-->>M: Return i M->>PF: Call printf("[%s] is %d.\n", str, i) PF-->>M: Print the result | F13: https://mermaid.ink/img/JSV7aW5pdDp7J3RoZW1lJzonZm9yZXN0J319JSUKc2VxdWVuY2VEaWFncmFtCnBhcnRpY2lwYW50IE0gYXMgbWFpbigpCnBhcnRpY2lwYW50IEZTTCBhcyBmdF9zdHJsZW4oKQpwYXJ0aWNpcGFudCBQRiBhcyBwcmludGYoKQpNLT4+RlNMOiBDYWxsIGZ0X3N0cmxlbihzdHIpCm5vdGUgb3ZlciBGU0w6IGluaXRpYWxpemUgaSA9IDAKbG9vcCB3aGlsZSBzdHJbaV0gIT0gJ1wwJwogICAgRlNMLT4+RlNMOiBpbmNyZW1lbnQgaQplbmQKRlNMLS0+Pk06IFJldHVybiBpCk0tPj5QRjogQ2FsbCBwcmludGYoIlslc10gaXMgJWQuXG4iLCBzdHIsIGkpClBGLS0+Pk06IFByaW50IHRoZSByZXN1bHQ= | G13: ft_strlen | H13: #include <stdio.h> size_t ft_strlen(const char *str) { size_t i; i = 0; while (str[i] != '\0') i++; return (i); } int main() { char *str = "1234567890"; int i = ft_strlen(str); printf("[%s] is %d.\n", str, i); }
... A101: 0 | B101: 8 | C101: 1178 | D101: 1186 | E101: ```plaintext input_error ``` | F101: N/A | G101: ft_memset | H101: #include <stdio.h> void *ft_memset(void *dst, int val, size_t len) { unsigned char *ptr; ptr = dst; while (len-- > 0) *ptr++ = val; return (dst); } int main() { char str[] = "1234567890"; char *ptr = ft_memset(str, 'a', 5); printf("%s\n", ptr); }

Sheet GPT-3.5-ft_strlen
A1: status | B1: comp | C1: prompt | D1: total | E1: mermaid | F1: url
A2: 0 | B2: 110 | C2: 1112 | D2: 1222 | E2: ```mermaid sequenceDiagram participant M as main() participant FSL as ft_strlen() participant PF as printf() M->>FSL: Call ft_strlen(str) FSL->>FSL: Initialize i = 0 loop while str[i] != '\0' FSL->>FSL: Increment i end FSL-->>M: Return i M->>PF: Call printf("[%s] is %d.\n", str, i) PF-->>M: Print the result ``` | F2: N/A
A3: 1 | B3: 123 | C3: 1112 | D3: 1235 | E3: sequenceDiagram participant M as main() participant FSL as ft_strlen() participant PF as printf() M->>FSL: Call ft_strlen(str) note over FSL: i = 0 loop while str[i] != '\0' FSL->>FSL: i++ end FSL-->>M: Return i M->>PF: Call printf("[%s] is %d.\n", str, i) PF-->>M: Print the result | F3: https://mermaid.ink/img/JSV7aW5pdDp7J3RoZW1lJzonZm9yZXN0J319JSUKc2VxdWVuY2VEaWFncmFtCnBhcnRpY2lwYW50IE0gYXMgbWFpbigpCnBhcnRpY2lwYW50IEZTTCBhcyBmdF9zdHJsZW4oKQpwYXJ0aWNpcGFudCBQRiBhcyBwcmludGYoKQpNLT4+RlNMOiBDYWxsIGZ0X3N0cmxlbihzdHIpCm5vdGUgb3ZlciBGU0w6IGkgPSAwCmxvb3Agd2hpbGUgc3RyW2ldICE9ICdcMCcKICAgIEZTTC0+PkZTTDogaSsrCmVuZApGU0wtLT4+TTogUmV0dXJuIGkKTS0+PlBGOiBDYWxsIHByaW50ZigiWyVzXSBpcyAlZC5cbiIsIHN0ciwgaSkKUEYtLT4+TTogUHJpbnQgdGhlIHJlc3VsdA==
A4: 1 | B4: 153 | C4: 1112 | D4: 1265 | E4: sequenceDiagram participant M as main() participant FSL as ft_strlen() participant PF as printf() M->>FSL: Call ft_strlen(str) note over FSL: initialize i = 0 loop while str[i] != '\0' FSL->>FSL: increment i end FSL-->>M: return i M->>PF: call printf("[%s] is %d.\n", str, i) PF-->>M: Print the result | F4: https://mermaid.ink/img/JSV7aW5pdDp7J3RoZW1lJzonZm9yZXN0J319JSUKc2VxdWVuY2VEaWFncmFtCnBhcnRpY2lwYW50IE0gYXMgbWFpbigpCnBhcnRpY2lwYW50IEZTTCBhcyBmdF9zdHJsZW4oKQpwYXJ0aWNpcGFudCBQRiBhcyBwcmludGYoKQpNLT4+RlNMOiBDYWxsIGZ0X3N0cmxlbihzdHIpCm5vdGUgb3ZlciBGU0w6IGluaXRpYWxpemUgaSA9IDAKbG9vcCB3aGlsZSBzdHJbaV0gIT0gJ1wwJwpGU0wtPj5GU0w6IGluY3JlbWVudCBpCmVuZApGU0wtLT4+TTogcmV0dXJuIGkKTS0+PlBGOiBjYWxsIHByaW50ZigiWyVzXSBpcyAlZC5cbiIsIHN0ciwgaSkKUEYtLT4+TTogUHJpbnQgdGhlIHJlc3VsdA==
A5: 1 | B5: 123 | C5: 1112 | D5: 1235 | E5: sequenceDiagram participant M as main() participant FSL as ft_strlen() participant PF as printf() M->>FSL: Call ft_strlen(str) note over FSL: i = 0 loop while str[i] != '\0' FSL->>FSL: i++ end FSL-->>M: return i M->>PF: Call printf("[%s] is %d.\n", str, i) PF-->>M: Print the result | F5: https://mermaid.ink/img/JSV7aW5pdDp7J3RoZW1lJzonZm9yZXN0J319JSUKc2VxdWVuY2VEaWFncmFtCnBhcnRpY2lwYW50IE0gYXMgbWFpbigpCnBhcnRpY2lwYW50IEZTTCBhcyBmdF9zdHJsZW4oKQpwYXJ0aWNpcGFudCBQRiBhcyBwcmludGYoKQpNLT4+RlNMOiBDYWxsIGZ0X3N0cmxlbihzdHIpCm5vdGUgb3ZlciBGU0w6IGkgPSAwCmxvb3Agd2hpbGUgc3RyW2ldICE9ICdcMCcKICAgIEZTTC0+PkZTTDogaSsrCmVuZApGU0wtLT4+TTogcmV0dXJuIGkKTS0+PlBGOiBDYWxsIHByaW50ZigiWyVzXSBpcyAlZC5cbiIsIHN0ciwgaSkKUEYtLT4+TTogUHJpbnQgdGhlIHJlc3VsdA==
A6: 1 | B6: 122 | C6: 1112 | D6: 1234 | E6: sequenceDiagram participant M as main() participant FSL as ft_strlen() participant PF as printf() M->>FSL: Call ft_strlen(str) note over FSL: i = 0 loop while str[i] != '\0' FSL->>FSL: i++ end FSL-->>M: Return i M->>PF: call printf("[%s] is %d.\n", str, i) PF-->>M: Print the result | F6: https://mermaid.ink/img/JSV7aW5pdDp7J3RoZW1lJzonZm9yZXN0J319JSUKc2VxdWVuY2VEaWFncmFtCnBhcnRpY2lwYW50IE0gYXMgbWFpbigpCnBhcnRpY2lwYW50IEZTTCBhcyBmdF9zdHJsZW4oKQpwYXJ0aWNpcGFudCBQRiBhcyBwcmludGYoKQpNLT4+RlNMOiBDYWxsIGZ0X3N0cmxlbihzdHIpCm5vdGUgb3ZlciBGU0w6IGkgPSAwCmxvb3Agd2hpbGUgc3RyW2ldICE9ICdcMCcKRlNMLT4+RlNMOiBpKysKZW5kCkZTTC0tPj5NOiBSZXR1cm4gaQpNLT4+UEY6IGNhbGwgcHJpbnRmKCJbJXNdIGlzICVkLlxuIiwgc3RyLCBpKQpQRi0tPj5NOiBQcmludCB0aGUgcmVzdWx0
A7: 0 | B7: 109 | C7: 1112 | D7: 1221 | E7: sequenceDiagram participant M as main() participant FSL as ft_strlen() participant PF as printf() M->>FSL: Call ft_strlen(str) loop until str[i] != '\0' FSL->>FSL: increment i FSL-->>M: return i M->>PF: Call printf("[%s] is %d.\n", str, i) PF-->>M: Print the result | F7: N/A
A8: 1 | B8: 125 | C8: 1112 | D8: 1237 | E8: sequenceDiagram participant M as main() participant FSL as ft_strlen() participant PF as printf() M->>FSL: Call ft_strlen(str) FSL->>FSL: Initialize i = 0 loop While str[i] != '\0' FSL->>FSL: Increment i end FSL-->>M: Return i M->>PF: Call printf("[%s] is %d.\n", str, i) PF-->>M: Print the result | F8: https://mermaid.ink/img/JSV7aW5pdDp7J3RoZW1lJzonZm9yZXN0J319JSUKc2VxdWVuY2VEaWFncmFtCnBhcnRpY2lwYW50IE0gYXMgbWFpbigpCnBhcnRpY2lwYW50IEZTTCBhcyBmdF9zdHJsZW4oKQpwYXJ0aWNpcGFudCBQRiBhcyBwcmludGYoKQpNLT4+RlNMOiBDYWxsIGZ0X3N0cmxlbihzdHIpCkZTTC0+PkZTTDogSW5pdGlhbGl6ZSBpID0gMApsb29wIFdoaWxlIHN0cltpXSAhPSAnXDAnCiAgICBGU0wtPj5GU0w6IEluY3JlbWVudCBpCmVuZApGU0wtLT4+TTogUmV0dXJuIGkKTS0+PlBGOiBDYWxsIHByaW50ZigiWyVzXSBpcyAlZC5cbiIsIHN0ciwgaSkKUEYtLT4+TTogUHJpbnQgdGhlIHJlc3VsdA==
A9: 1 | B9: 149 | C9: 1112 | D9: 1261 | E9: sequenceDiagram participant M as main() participant FSL as ft_strlen() M->>FSL: call ft_strlen(str) FSL-->>M: return i M->>console: [1234567890] is 10. | F9: https://mermaid.ink/img/JSV7aW5pdDp7J3RoZW1lJzonZm9yZXN0J319JSUKc2VxdWVuY2VEaWFncmFtCnBhcnRpY2lwYW50IE0gYXMgbWFpbigpCnBhcnRpY2lwYW50IEZTTCBhcyBmdF9zdHJsZW4oKQpNLT4+RlNMOiBjYWxsIGZ0X3N0cmxlbihzdHIpCkZTTC0tPj5NOiByZXR1cm4gaQpNLT4+Y29uc29sZTogWzEyMzQ1Njc4OTBdIGlzIDEwLg==
A10: 1 | B10: 222 | C10: 1112 | D10: 1334 | E10: sequenceDiagram participant M as main() participant FSL as ft_strlen() participant P as printf() M->>FSL: Call ft_strlen(str) note over FSL: initialize i = 0 loop while str[i] != '\0' FSL->>FSL: increment i end FSL-->>M: return i M->>P: Call printf("[%s] is %d.\n", str, i) P-->>M: Print the result | F10: https://mermaid.ink/img/JSV7aW5pdDp7J3RoZW1lJzonZm9yZXN0J319JSUKc2VxdWVuY2VEaWFncmFtCnBhcnRpY2lwYW50IE0gYXMgbWFpbigpCnBhcnRpY2lwYW50IEZTTCBhcyBmdF9zdHJsZW4oKQpwYXJ0aWNpcGFudCBQIGFzIHByaW50ZigpCk0tPj5GU0w6IENhbGwgZnRfc3RybGVuKHN0cikKbm90ZSBvdmVyIEZTTDogaW5pdGlhbGl6ZSBpID0gMApsb29wIHdoaWxlIHN0cltpXSAhPSAnXDAnCiAgICBGU0wtPj5GU0w6IGluY3JlbWVudCBpCmVuZApGU0wtLT4+TTogcmV0dXJuIGkKTS0+PlA6IENhbGwgcHJpbnRmKCJbJXNdIGlzICVkLlxuIiwgc3RyLCBpKQpQLS0+Pk06IFByaW50IHRoZSByZXN1bHQ=
A11: 1 | B11: 104 | C11: 1112 | D11: 1216 | E11: sequenceDiagram participant M as main() participant FSL as ft_strlen() participant PF as printf() M->>FSL: Call ft_strlen(str) loop through the string FSL->>FSL: increment i note over FSL: return value of i end FSL-->>M: Return i M->>PF: Call printf() PF-->>M: Print the result | F11: https://mermaid.ink/img/JSV7aW5pdDp7J3RoZW1lJzonZm9yZXN0J319JSUKc2VxdWVuY2VEaWFncmFtCnBhcnRpY2lwYW50IE0gYXMgbWFpbigpCnBhcnRpY2lwYW50IEZTTCBhcyBmdF9zdHJsZW4oKQpwYXJ0aWNpcGFudCBQRiBhcyBwcmludGYoKQpNLT4+RlNMOiBDYWxsIGZ0X3N0cmxlbihzdHIpCmxvb3AgdGhyb3VnaCB0aGUgc3RyaW5nCiAgICBGU0wtPj5GU0w6IGluY3JlbWVudCBpCiAgICBub3RlIG92ZXIgRlNMOiByZXR1cm4gdmFsdWUgb2YgaQplbmQKRlNMLS0+Pk06IFJldHVybiBpCk0tPj5QRjogQ2FsbCBwcmludGYoKQpQRi0tPj5NOiBQcmludCB0aGUgcmVzdWx0
A12: 1 | B12: 154 | C12: 1112 | D12: 1266 | E12: sequenceDiagram participant M as main() participant FSL as ft_strlen() participant PF as printf() M->>FSL: call ft_strlen(str) note over FSL: initialize i = 0 loop while str[i] != '\0' FSL->>FSL: increment i end FSL-->>M: return i M->>PF: call printf("[%s] is %d.\n", str, i) PF-->>M: Print the result | F12: https://mermaid.ink/img/JSV7aW5pdDp7J3RoZW1lJzonZm9yZXN0J319JSUKc2VxdWVuY2VEaWFncmFtCnBhcnRpY2lwYW50IE0gYXMgbWFpbigpCnBhcnRpY2lwYW50IEZTTCBhcyBmdF9zdHJsZW4oKQpwYXJ0aWNpcGFudCBQRiBhcyBwcmludGYoKQpNLT4+RlNMOiBjYWxsIGZ0X3N0cmxlbihzdHIpCm5vdGUgb3ZlciBGU0w6IGluaXRpYWxpemUgaSA9IDAKbG9vcCB3aGlsZSBzdHJbaV0gIT0gJ1wwJwogICAgRlNMLT4+RlNMOiBpbmNyZW1lbnQgaQplbmQKRlNMLS0+Pk06IHJldHVybiBpCk0tPj5QRjogY2FsbCBwcmludGYoIlslc10gaXMgJWQuXG4iLCBzdHIsIGkpClBGLS0+Pk06IFByaW50IHRoZSByZXN1bHQ=
A13: 1 | B13: 89 | C13: 1112 | D13: 1201 | E13: sequenceDiagram participant M as main() participant FSL as ft_strlen() participant PF as printf() M->>FSL: Call ft_strlen(str) FSL-->>M: Return i M->>PF: Call printf("[%s] is %d.\n", str, i) PF-->>M: Print the result | F13: https://mermaid.ink/img/JSV7aW5pdDp7J3RoZW1lJzonZm9yZXN0J319JSUKc2VxdWVuY2VEaWFncmFtCnBhcnRpY2lwYW50IE0gYXMgbWFpbigpCnBhcnRpY2lwYW50IEZTTCBhcyBmdF9zdHJsZW4oKQpwYXJ0aWNpcGFudCBQRiBhcyBwcmludGYoKQpNLT4+RlNMOiBDYWxsIGZ0X3N0cmxlbihzdHIpCkZTTC0tPj5NOiBSZXR1cm4gaQpNLT4+UEY6IENhbGwgcHJpbnRmKCJbJXNdIGlzICVkLlxuIiwgc3RyLCBpKQpQRi0tPj5NOiBQcmludCB0aGUgcmVzdWx0
... A101: 0 | B101: 125 | C101: 1112 | D101: 1237 | E101: sequenceDiagram participant M as main() participant FS as ft_strlen() participant PF as printf() M->>FS: Call ft_strlen(str) loop through the string FS->>FS: i++ alt str[i] != '\0' note over FS: Continue looping else FS-->>M: Return i end M->>PF: Call printf("[%s] is %d.\n", str, i) PF-->>M: Print the result | F101: N/A

Sheet GPT-3.5-ft_bzero
A1: status | B1: comp | C1: prompt | D1: total | E1: mermaid | F1: url
A2: 0 | B2: 275 | C2: 1183 | D2: 1458 | E2: sequenceDiagram participant M as main() participant FM as ft_memset() participant FB as ft_bzero() participant PF as printf() M->>FB: call ft_bzero(str, 5) alt if len > 0 FB->>FM: call ft_memset(s, 0, len) FM-->>FB: return dst FB-->>M: Continue in main() loop through the array alt if str[i] == '\0' M->>PF: print '0' else Otherwise M->>PF: print str[i] end M->>M: increment i end | F2: N/A
A3: 0 | B3: 180 | C3: 1183 | D3: 1363 | E3: sequenceDiagram participant M as main() participant FM as ft_memset() participant FB as ft_bzero() participant PF as printf() M->>FB: Call ft_bzero(str, 5) FB->>FM: Call ft_memset(s, 0, 5) FM->>FM: Initialize ptr = s FM->>FM: Loop while len-- > 0 FM->>FM: Assign val to *ptr FM->>FM: Increment ptr FM-->>FM: len = 0 FM-->>FB: Return dst loop through i from 0 to 9 alt if str[i] == '\0' PF-->>M: print 0 else PF-->>M: print str[i] end | F3: N/A
A4: 1 | B4: 413 | C4: 1183 | D4: 1596 | E4: sequenceDiagram participant M as main() participant FMP as ft_memset() participant FBZ as ft_bzero() participant PF as printf() M->>FBZ: call ft_bzero(str, 5) alt str = "1234567890" FBZ->>FMP: call ft_memset(str, 0, 5) FMP-->>FBZ: return str else Otherwise FBZ-->>M: error end loop while i < 10 alt if str[i] == '\0' M->>PF: call printf("0\n") else M->>PF: call printf("%c\n", str[i]) end PF-->>M: Print the result M->>M: increment i end | F4: https://mermaid.ink/img/JSV7aW5pdDp7J3RoZW1lJzonZm9yZXN0J319JSUKc2VxdWVuY2VEaWFncmFtCnBhcnRpY2lwYW50IE0gYXMgbWFpbigpCnBhcnRpY2lwYW50IEZNUCBhcyBmdF9tZW1zZXQoKQpwYXJ0aWNpcGFudCBGQlogYXMgZnRfYnplcm8oKQpwYXJ0aWNpcGFudCBQRiBhcyBwcmludGYoKQpNLT4+RkJaOiBjYWxsIGZ0X2J6ZXJvKHN0ciwgNSkKYWx0IHN0ciA9ICIxMjM0NTY3ODkwIgoJRkJaLT4+Rk1QOiBjYWxsIGZ0X21lbXNldChzdHIsIDAsIDUpCglGTVAtLT4+RkJaOiByZXR1cm4gc3RyCmVsc2UgT3RoZXJ3aXNlCglGQlotLT4+TTogZXJyb3IKZW5kCmxvb3Agd2hpbGUgaSA8IDEwCglhbHQgaWYgc3RyW2ldID09ICdcMCcKCQlNLT4+UEY6IGNhbGwgcHJpbnRmKCIwXG4iKQoJZWxzZQoJCU0tPj5QRjogY2FsbCBwcmludGYoIiVjXG4iLCBzdHJbaV0pCgllbmQKCVBGLS0+Pk06IFByaW50IHRoZSByZXN1bHQKCU0tPj5NOiBpbmNyZW1lbnQgaQplbmQ=
A5: 1 | B5: 460 | C5: 1183 | D5: 1643 | E5: sequenceDiagram participant as main() participant FM as ft_memset() participant FB as ft_bzero() participant P as printf() main->>FB: call ft_bzero(str, 5) FB->>FM: call ft_memset(str, 0, 5) FM->>FM: initialize ptr loop while len-- > 0 note over FM: *ptr++ = val end FM-->>FB: return dst loop from i=0 to 9 alt if str[i] == '\0' P->>P: print 0 else P->>P: print str[i] end end | F5: https://mermaid.ink/img/JSV7aW5pdDp7J3RoZW1lJzonZm9yZXN0J319JSUKc2VxdWVuY2VEaWFncmFtCnBhcnRpY2lwYW50ICBhcyBtYWluKCkKcGFydGljaXBhbnQgRk0gYXMgZnRfbWVtc2V0KCkKcGFydGljaXBhbnQgRkIgYXMgZnRfYnplcm8oKQpwYXJ0aWNpcGFudCBQIGFzIHByaW50ZigpCm1haW4tPj5GQjogY2FsbCBmdF9iemVybyhzdHIsIDUpCkZCLT4+Rk06IGNhbGwgZnRfbWVtc2V0KHN0ciwgMCwgNSkKRk0tPj5GTTogaW5pdGlhbGl6ZSBwdHIKbG9vcCB3aGlsZSBsZW4tLSA+IDAKICAgIG5vdGUgb3ZlciBGTTogKnB0cisrID0gdmFsCmVuZApGTS0tPj5GQjogcmV0dXJuIGRzdApsb29wIGZyb20gaT0wIHRvIDkKICAgIGFsdCBpZiBzdHJbaV0gPT0gJ1wwJwogICAgICAgIFAtPj5QOiBwcmludCAwCiAgICBlbHNlCiAgICAgICAgUC0+PlA6IHByaW50IHN0cltpXQogICAgZW5kCmVuZA==
A6: 1 | B6: 326 | C6: 1183 | D6: 1509 | E6: sequenceDiagram participant M as main() participant FM as ft_memset() participant FB as ft_bzero() participant PF as printf() M->>FB: Call ft_bzero(str, 5) alt len > 0 FB->>FM: Call ft_memset(s, 0, len) FM-->>FB: Return dst else len = 0 note over FB: No action end loop while i < 10 alt if str[i] == '\0' PF-->>M: Print 0 else str[i] != '\0' PF-->>M: Print str[i] end note over M: increment i end | F6: https://mermaid.ink/img/JSV7aW5pdDp7J3RoZW1lJzonZm9yZXN0J319JSUKc2VxdWVuY2VEaWFncmFtCnBhcnRpY2lwYW50IE0gYXMgbWFpbigpCnBhcnRpY2lwYW50IEZNIGFzIGZ0X21lbXNldCgpCnBhcnRpY2lwYW50IEZCIGFzIGZ0X2J6ZXJvKCkKcGFydGljaXBhbnQgUEYgYXMgcHJpbnRmKCkKTS0+PkZCOiBDYWxsIGZ0X2J6ZXJvKHN0ciwgNSkKYWx0IGxlbiA+IDAKICAgIEZCLT4+Rk06IENhbGwgZnRfbWVtc2V0KHMsIDAsIGxlbikKICAgIEZNLS0+PkZCOiBSZXR1cm4gZHN0CmVsc2UgbGVuID0gMAogICAgbm90ZSBvdmVyIEZCOiBObyBhY3Rpb24KZW5kCmxvb3Agd2hpbGUgaSA8IDEwCiAgICBhbHQgaWYgc3RyW2ldID09ICdcMCcKICAgICAgICBQRi0tPj5NOiBQcmludCAwCiAgICBlbHNlIHN0cltpXSAhPSAnXDAnCiAgICAgICAgUEYtLT4+TTogUHJpbnQgc3RyW2ldCiAgICBlbmQKICAgIG5vdGUgb3ZlciBNOiBpbmNyZW1lbnQgaQplbmQ=
A7: 0 | B7: 269 | C7: 1183 | D7: 1452 | E7: sequenceDiagram participant M as main() participant FM as ft_memset() participant FB as ft_bzero() participant PF as printf() M->>FB: Call ft_bzero(str, 5) FB->>FM: Call ft_memset(str, 0, 5) note over FM: ptr = dst loop while len-- > 0 FM-->>FB: Return dst alt if str[i] == '\0' PF-->>M: Print 0 else Otherwise PF-->>M: Print str[i] i++ | F7: N/A
A8: 0 | B8: 197 | C8: 1183 | D8: 1380 | E8: sequenceDiagram participant M as main() participant FM as ft_memset() participant FB as ft_bzero() participant P as printf() M->>FB: call ft_bzero(str, 5) FB->>FM: call ft_memset(s, 0, 5) FM-->>FB: return str alt str[i] == '\0' P-->>M: print 0 else Otherwise P-->>M: print str[i] end M->>M: increment i loop i < 10 | F8: N/A
A9: 1 | B9: 238 | C9: 1183 | D9: 1421 | E9: sequenceDiagram participant M as main() participant FM as ft_memset() participant FB as ft_bzero() participant P as printf() M->>FB: call ft_bzero(str, 5) alt if len > 0 FB->>FM: call ft_memset(s, 0, len) FM-->>FB: return (dst) end loop while i < 10 alt if str[i] == '\0' P-->>M: print 0 else P-->>M: print str[i] end M->>M: increment i end | F9: https://mermaid.ink/img/JSV7aW5pdDp7J3RoZW1lJzonZm9yZXN0J319JSUKc2VxdWVuY2VEaWFncmFtCnBhcnRpY2lwYW50IE0gYXMgbWFpbigpCnBhcnRpY2lwYW50IEZNIGFzIGZ0X21lbXNldCgpCnBhcnRpY2lwYW50IEZCIGFzIGZ0X2J6ZXJvKCkKcGFydGljaXBhbnQgUCBhcyBwcmludGYoKQpNLT4+RkI6IGNhbGwgZnRfYnplcm8oc3RyLCA1KQphbHQgaWYgbGVuID4gMAogICAgRkItPj5GTTogY2FsbCBmdF9tZW1zZXQocywgMCwgbGVuKQogICAgRk0tLT4+RkI6IHJldHVybiAoZHN0KQplbmQKbG9vcCB3aGlsZSBpIDwgMTAKICAgIGFsdCBpZiBzdHJbaV0gPT0gJ1wwJwogICAgICAgIFAtLT4+TTogcHJpbnQgMAogICAgZWxzZQogICAgICAgIFAtLT4+TTogcHJpbnQgc3RyW2ldCiAgICBlbmQKICAgIE0tPj5NOiBpbmNyZW1lbnQgaQplbmQ=
A10: 0 | B10: 311 | C10: 1183 | D10: 1494 | E10: sequenceDiagram participant M as main() participant FM as ft_memset() participant FB as ft_bzero() participant PF as printf() M->>FB: call ft_bzero(str, 5) FB->>FM: call ft_memset(str, 0, 5) alt if len > 0 FM->>FM: set *ptr++ = val end FM-->>FB: return (dst) loop through the while loop alt if str[i] == '\0' PF-->>M: print '0' else PF-->>M: print str[i] i++ | F10: N/A
A11: 0 | B11: 422 | C11: 1183 | D11: 1605 | E11: sequenceDiagram participant M as main() participant FM as ft_memset() participant FB as ft_bzero() participant P as printf() M->>FB: call ft_bzero(str, 5) alt if str is '1234567890' FB->>FM: call ft_memset(str, 0, 5) FM-->>FB: returned '1234507890' end loop through i from 0 to 9 alt if str[i] is ' extbackslash0' P->>P: print '0' else P->>P: print str[i] i++ end | F11: N/A
A12: 1 | B12: 204 | C12: 1183 | D12: 1387 | E12: sequenceDiagram participant M as main() participant FM as ft_memset() participant PF as printf() M->>PF: call printf('0\n') | F12: https://mermaid.ink/img/JSV7aW5pdDp7J3RoZW1lJzonZm9yZXN0J319JSUKc2VxdWVuY2VEaWFncmFtCnBhcnRpY2lwYW50IE0gYXMgbWFpbigpCnBhcnRpY2lwYW50IEZNIGFzIGZ0X21lbXNldCgpCnBhcnRpY2lwYW50IFBGIGFzIHByaW50ZigpCk0tPj5QRjogY2FsbCBwcmludGYoJzBcbicp
A13: 1 | B13: 338 | C13: 1183 | D13: 1521 | E13: sequenceDiagram participant M as main() participant FM as ft_memset() participant FB as ft_bzero() participant PF as printf() M->>FB: call ft_bzero(str, 5) alt if len > 0 FB->>FM: call ft_memset(s, 0, len) loop while len > 0 FM-->>FM: *ptr = val FM-->>FM: increment ptr FM-->>FM: decrement len end else Otherwise FB-->>FB: return end loop while i < 10 alt if str[i] == '\0' PF-->>M: print 0 else PF-->>M: print str[i] end FM->>PF: call printf to print PF-->>M: print the character M->>M: increment i end | F13: https://mermaid.ink/img/JSV7aW5pdDp7J3RoZW1lJzonZm9yZXN0J319JSUKc2VxdWVuY2VEaWFncmFtCnBhcnRpY2lwYW50IE0gYXMgbWFpbigpCnBhcnRpY2lwYW50IEZNIGFzIGZ0X21lbXNldCgpCnBhcnRpY2lwYW50IEZCIGFzIGZ0X2J6ZXJvKCkKcGFydGljaXBhbnQgUEYgYXMgcHJpbnRmKCkKTS0+PkZCOiBjYWxsIGZ0X2J6ZXJvKHN0ciwgNSkKYWx0IGlmIGxlbiA+IDAKICAgIEZCLT4+Rk06IGNhbGwgZnRfbWVtc2V0KHMsIDAsIGxlbikKICAgIGxvb3Agd2hpbGUgbGVuID4gMAogICAgICAgIEZNLS0+PkZNOiAqcHRyID0gdmFsCiAgICAgICAgRk0tLT4+Rk06IGluY3JlbWVudCBwdHIKICAgICAgICBGTS0tPj5GTTogZGVjcmVtZW50IGxlbgogICAgZW5kCmVsc2UgT3RoZXJ3aXNlCiAgICBGQi0tPj5GQjogcmV0dXJuCmVuZApsb29wIHdoaWxlIGkgPCAxMAogICAgYWx0IGlmIHN0cltpXSA9PSAnXDAnCiAgICAgICAgUEYtLT4+TTogcHJpbnQgMAogICAgZWxzZQogICAgICAgIFBGLS0+Pk06IHByaW50IHN0cltpXQogICAgZW5kCiAgICBGTS0+PlBGOiBjYWxsIHByaW50ZiB0byBwcmludAogICAgUEYtLT4+TTogcHJpbnQgdGhlIGNoYXJhY3RlcgogICAgTS0+Pk06IGluY3JlbWVudCBpCmVuZA==
... A101: 0 | B101: 139 | C101: 1183 | D101: 1322 | E101: sequenceDiagram participant M as main() participant FB as ft_bzero() participant FM as ft_memset() participant PF as printf() M->>FB: Call ft_bzero(str, 5) alt len>0 FB->>FM: Call ft_memset(str, 0, 5) FM->>FM: *ptr++ = val FM-->>FB: return dst alt str[i] == '\0' PF-->>M: Print 0 else PF-->>M: Print str[i] i++ loop | F101: N/A

Sheet GPT-3.5-ft_memmove
A1: status | B1: comp | C1: prompt | D1: total | E1: mermaid | F1: url
A2: 1 | B2: 125 | C2: 1269 | D2: 1394 | E2: sequenceDiagram participant M as main() participant FM as ft_memcpy() participant FMV as ft_memmove() participant PF as printf() M->>FMV: Call ft_memmove(dest, src, 11) alt if d < s FMV->>FM: call ft_memcpy(d, s, len) FM->>FMV: return dest else FMV-->>M: return (copied string : 1234567890) end PF-->>M: Print the result | F2: https://mermaid.ink/img/JSV7aW5pdDp7J3RoZW1lJzonZm9yZXN0J319JSUKc2VxdWVuY2VEaWFncmFtCnBhcnRpY2lwYW50IE0gYXMgbWFpbigpCnBhcnRpY2lwYW50IEZNIGFzIGZ0X21lbWNweSgpCnBhcnRpY2lwYW50IEZNViBhcyBmdF9tZW1tb3ZlKCkKcGFydGljaXBhbnQgUEYgYXMgcHJpbnRmKCkKTS0+PkZNVjogQ2FsbCBmdF9tZW1tb3ZlKGRlc3QsIHNyYywgMTEpCmFsdCBpZiBkIDwgcwpGTVYtPj5GTTogY2FsbCBmdF9tZW1jcHkoZCwgcywgbGVuKQpGTS0+PkZNVjogcmV0dXJuIGRlc3QKZWxzZQpGTVYtLT4+TTogcmV0dXJuIChjb3BpZWQgc3RyaW5nIDogMTIzNDU2Nzg5MCkKZW5kClBGLS0+Pk06IFByaW50IHRoZSByZXN1bHQ=
A3: 0 | B3: 283 | C3: 1269 | D3: 1552 | E3: sequenceDiagram participant M as main() participant FM as ft_memcpy() participant FSM as ft_memmove() M->>FSM: Call ft_memmove(dest, src, 11) alt if d < s FSM->>FM: Call ft_memcpy(d, s, len) FM-->>FSM: Return dst else loop while len > 0 FSM->>FSM: copy characters one by one end FSM-->>M: Return dst M->>main: Print the copied string | F3: N/A
A4: 1 | B4: 309 | C4: 1269 | D4: 1578 | E4: sequenceDiagram participant M as main() participant FM as ft_memcpy() participant FMM as ft_memmove() participant PF as printf() M->>FMM: Call ft_memmove(dest, src, 11) alt if d < s FMM->>FM: Call ft_memcpy(d, s, len) FM-->>FMM: Return dst else FMM-->>FMM: Copy string from end end M->>PF: call printf("copied string : %s\n", dest) PF-->>M: Print the result | F4: https://mermaid.ink/img/JSV7aW5pdDp7J3RoZW1lJzonZm9yZXN0J319JSUKc2VxdWVuY2VEaWFncmFtCnBhcnRpY2lwYW50IE0gYXMgbWFpbigpCnBhcnRpY2lwYW50IEZNIGFzIGZ0X21lbWNweSgpCnBhcnRpY2lwYW50IEZNTSBhcyBmdF9tZW1tb3ZlKCkKcGFydGljaXBhbnQgUEYgYXMgcHJpbnRmKCkKTS0+PkZNTTogQ2FsbCBmdF9tZW1tb3ZlKGRlc3QsIHNyYywgMTEpCmFsdCBpZiBkIDwgcwpGTU0tPj5GTTogQ2FsbCBmdF9tZW1jcHkoZCwgcywgbGVuKQpGTS0tPj5GTU06IFJldHVybiBkc3QKZWxzZQpGTU0tLT4+Rk1NOiBDb3B5IHN0cmluZyBmcm9tIGVuZAplbmQKTS0+PlBGOiBjYWxsIHByaW50ZigiY29waWVkIHN0cmluZyA6ICVzXG4iLCBkZXN0KQpQRi0tPj5NOiBQcmludCB0aGUgcmVzdWx0
A5: 1 | B5: 522 | C5: 1269 | D5: 1791 | E5: sequenceDiagram participant M as main() participant FMC as ft_memcpy() participant FMO as ft_memmove() participant PF as printf() M->>FMO: Call ft_memmove(dest, src, 11) alt if d < s FMO->>FMC: Call ft_memcpy(d, s, len) else loop while len > 0 FMO->>FMO: *(d + (len - 1)) = *(unsigned char *)(s + (len - 1)) FMO->>FMO: decrement len end end M->>PF: call printf("copied string : %s\n", dest) PF-->>M: Print the result | F5: https://mermaid.ink/img/JSV7aW5pdDp7J3RoZW1lJzonZm9yZXN0J319JSUKc2VxdWVuY2VEaWFncmFtCnBhcnRpY2lwYW50IE0gYXMgbWFpbigpCnBhcnRpY2lwYW50IEZNQyBhcyBmdF9tZW1jcHkoKQpwYXJ0aWNpcGFudCBGTU8gYXMgZnRfbWVtbW92ZSgpCnBhcnRpY2lwYW50IFBGIGFzIHByaW50ZigpCk0tPj5GTU86IENhbGwgZnRfbWVtbW92ZShkZXN0LCBzcmMsIDExKQphbHQgaWYgZCA8IHMKRk1PLT4+Rk1DOiBDYWxsIGZ0X21lbWNweShkLCBzLCBsZW4pCmVsc2UKbG9vcCB3aGlsZSBsZW4gPiAwCkZNTy0+PkZNTzogKihkICsgKGxlbiAtIDEpKSA9ICoodW5zaWduZWQgY2hhciAqKShzICsgKGxlbiAtIDEpKQpGTU8tPj5GTU86IGRlY3JlbWVudCBsZW4KZW5kCmVuZApNLT4+UEY6IGNhbGwgcHJpbnRmKCJjb3BpZWQgc3RyaW5nIDogJXNcbiIsIGRlc3QpClBGLS0+Pk06IFByaW50IHRoZSByZXN1bHQ=
A6: 0 | B6: 302 | C6: 1269 | D6: 1571 | E6: sequenceDiagram participant M as main() participant FM as ft_memcpy() participant FMM as ft_memmove() participant PF as printf() M->>FMM: Call ft_memmove(dest, src, 11) alt if d < s FMM->>FM: Call ft_memcpy(d, s, len) FM-->>FMM: Copy using ft_memcpy database save as m1 else Otherwise FMM-->>M: Return destination after copying end M->>PF: call printf("copied string : %s\n", dest) PF-->>M: Print the result | F6: N/A
A7: 0 | B7: 235 | C7: 1269 | D7: 1504 | E7: sequenceDiagram participant M as main() participant FM as ft_memcpy() participant FMM as ft_memmove() participant PF as printf() M->>FMM: Call ft_memmove(dest, src, 11) alt if d < s FMM->>M: Call ft_memcpy(d, s, len) else FMM-->>M: Return dest else FMM-->>M: Return dest M->>PF: Call printf("copied string : %s\n", dest) PF-->>M: Print the result | F7: N/A
A8: 0 | B8: 164 | C8: 1269 | D8: 1433 | E8: sequenceDiagram participant M as main() participant FM as ft_memcpy() participant FMM as ft_memmove() participant PF as printf() M->>FMM: Call ft_memmove(dest, src, 11) alt if d < s FMM->>FM: Call ft_memcpy(d, s, len) FM-->>FMM: Return dst else loop while len > 0 note over FMM: Move data backward FMM->>FMM: Move data end FMM-->>M: Return dest M->>PF: Call printf("copied string : %s\n", dest) PF-->>M: Print the copied string | F8: N/A
A9: 1 | B9: 183 | C9: 1269 | D9: 1452 | E9: sequenceDiagram participant M as main() participant FMC as ft_memcpy() participant FMM as ft_memmove() participant PF as printf() M->>FMM: call ft_memmove(dest, src, 11) alt if d < s FMM->>FMC: call ft_memcpy(d, s, len) else loop while len > 0 FMM->>FMM: *(d + (len - 1)) = *(unsigned char *)(s + (len - 1)) note over FMM: decrement len end end M->>PF: call printf("copied string : %s\n", dest) PF-->>M: Print the result | F9: https://mermaid.ink/img/JSV7aW5pdDp7J3RoZW1lJzonZm9yZXN0J319JSUKc2VxdWVuY2VEaWFncmFtCnBhcnRpY2lwYW50IE0gYXMgbWFpbigpCnBhcnRpY2lwYW50IEZNQyBhcyBmdF9tZW1jcHkoKQpwYXJ0aWNpcGFudCBGTU0gYXMgZnRfbWVtbW92ZSgpCnBhcnRpY2lwYW50IFBGIGFzIHByaW50ZigpCk0tPj5GTU06IGNhbGwgZnRfbWVtbW92ZShkZXN0LCBzcmMsIDExKQphbHQgaWYgZCA8IHMKICAgIEZNTS0+PkZNQzogY2FsbCBmdF9tZW1jcHkoZCwgcywgbGVuKQplbHNlCiAgICBsb29wIHdoaWxlIGxlbiA+IDAKICAgICAgICBGTU0tPj5GTU06ICooZCArIChsZW4gLSAxKSkgPSAqKHVuc2lnbmVkIGNoYXIgKikocyArIChsZW4gLSAxKSkKICAgICAgICBub3RlIG92ZXIgRk1NOiBkZWNyZW1lbnQgbGVuCiAgICBlbmQKZW5kCk0tPj5QRjogY2FsbCBwcmludGYoImNvcGllZCBzdHJpbmcgOiAlc1xuIiwgZGVzdCkKUEYtLT4+TTogUHJpbnQgdGhlIHJlc3VsdA==
A10: 1 | B10: 291 | C10: 1269 | D10: 1560 | E10: sequenceDiagram participant M as main() participant FM as ft_memcpy() participant FMV as ft_memmove() participant PF as printf() M->>FMV: Call ft_memmove(dest, src, 11) FMV->>FMV: Check if d == s alt if d < s FMV->>FM: Call ft_memcpy(d, s, len) else FMV-->>FMV: Copy bytes from the end end FMV->>PF: Call printf("copied string : %s\n", dest) PF-->>M: Print the result | F10: https://mermaid.ink/img/JSV7aW5pdDp7J3RoZW1lJzonZm9yZXN0J319JSUKc2VxdWVuY2VEaWFncmFtCnBhcnRpY2lwYW50IE0gYXMgbWFpbigpCnBhcnRpY2lwYW50IEZNIGFzIGZ0X21lbWNweSgpCnBhcnRpY2lwYW50IEZNViBhcyBmdF9tZW1tb3ZlKCkKcGFydGljaXBhbnQgUEYgYXMgcHJpbnRmKCkKTS0+PkZNVjogQ2FsbCBmdF9tZW1tb3ZlKGRlc3QsIHNyYywgMTEpCkZNVi0+PkZNVjogQ2hlY2sgaWYgZCA9PSBzCmFsdCBpZiBkIDwgcwpGTVYtPj5GTTogQ2FsbCBmdF9tZW1jcHkoZCwgcywgbGVuKQplbHNlCkZNVi0tPj5GTVY6IENvcHkgYnl0ZXMgZnJvbSB0aGUgZW5kCmVuZApGTVYtPj5QRjogQ2FsbCBwcmludGYoImNvcGllZCBzdHJpbmcgOiAlc1xuIiwgZGVzdCkKUEYtLT4+TTogUHJpbnQgdGhlIHJlc3VsdA==
A11: 0 | B11: 203 | C11: 1269 | D11: 1472 | E11: sequenceDiagram participant M as main() participant FMC as ft_memcpy() participant FMV as ft_memmove() participant PF as printf() M->>FMV: Call ft_memmove(dest, src, 11) alt dst < src FMV->>FMC: Call ft_memcpy(d, s, len) alt len > 0 loop copy elements from src to dst end FMV->>M: Return dst M->>PF: Call printf("copied string : %s\n", dest) PF-->>M: Print the result | F11: N/A
A12: 0 | B12: 216 | C12: 1269 | D12: 1485 | E12: sequenceDiagram participant M as main() participant FM as ft_memcpy() participant FMM as ft_memmove() participant PF as printf() M->>FMM: Call ft_memmove(dest, src, 11) alt if d < s FMM->>FM: Call ft_memcpy(d, s, len) FM-->>FMM: Return else loop while len > 0 note over FMM: move characters from end end FMM-->>M: Return dest | F12: N/A
A13: 1 | B13: 131 | C13: 1269 | D13: 1400 | E13: sequenceDiagram participant M as main() participant FM as ft_memcpy() participant MM as ft_memmove() participant PF as printf() M->>MM: Call ft_memmove(dest, src, 11) alt if d < s MM->>FM: Call ft_memcpy(d, s, len) else loop while len > 0 MM->>MM: copy characters end end M->>PF: call printf("copied string : %s\n", dest) PF-->>M: Print the result | F13: https://mermaid.ink/img/JSV7aW5pdDp7J3RoZW1lJzonZm9yZXN0J319JSUKc2VxdWVuY2VEaWFncmFtCnBhcnRpY2lwYW50IE0gYXMgbWFpbigpCnBhcnRpY2lwYW50IEZNIGFzIGZ0X21lbWNweSgpCnBhcnRpY2lwYW50IE1NIGFzIGZ0X21lbW1vdmUoKQpwYXJ0aWNpcGFudCBQRiBhcyBwcmludGYoKQpNLT4+TU06IENhbGwgZnRfbWVtbW92ZShkZXN0LCBzcmMsIDExKQphbHQgaWYgZCA8IHMKTU0tPj5GTTogQ2FsbCBmdF9tZW1jcHkoZCwgcywgbGVuKQplbHNlCmxvb3Agd2hpbGUgbGVuID4gMApNTS0+Pk1NOiBjb3B5IGNoYXJhY3RlcnMKZW5kCmVuZApNLT4+UEY6IGNhbGwgcHJpbnRmKCJjb3BpZWQgc3RyaW5nIDogJXNcbiIsIGRlc3QpClBGLS0+Pk06IFByaW50IHRoZSByZXN1bHQ=
... A101: 1 | B101: 492 | C101: 1269 | D101: 1761 | E101: sequenceDiagram participant M as main() participant FM as ft_memcpy() participant FMM as ft_memmove() participant PF as printf() M->>FMM: Call ft_memmove(dest, src, 11) alt if d < s FMM->>FM: Call ft_memcpy(d, s, len) FM-->>FMM: return dst else loop while len > 0 FMM-->>FMM: copy data from src to dest end FMM-->>M: Return dest end M->>PF: Call printf("copied string : %s\n", dest) PF-->>M: Print the copied string | F101: https://mermaid.ink/img/JSV7aW5pdDp7J3RoZW1lJzonZm9yZXN0J319JSUKc2VxdWVuY2VEaWFncmFtCnBhcnRpY2lwYW50IE0gYXMgbWFpbigpCnBhcnRpY2lwYW50IEZNIGFzIGZ0X21lbWNweSgpCnBhcnRpY2lwYW50IEZNTSBhcyBmdF9tZW1tb3ZlKCkKcGFydGljaXBhbnQgUEYgYXMgcHJpbnRmKCkKTS0+PkZNTTogQ2FsbCBmdF9tZW1tb3ZlKGRlc3QsIHNyYywgMTEpCmFsdCBpZiBkIDwgcwpGTU0tPj5GTTogQ2FsbCBmdF9tZW1jcHkoZCwgcywgbGVuKQpGTS0tPj5GTU06IHJldHVybiBkc3QKZWxzZQpsb29wIHdoaWxlIGxlbiA+IDAKRk1NLS0+PkZNTTogY29weSBkYXRhIGZyb20gc3JjIHRvIGRlc3QKZW5kCkZNTS0tPj5NOiBSZXR1cm4gZGVzdAplbmQKTS0+PlBGOiBDYWxsIHByaW50ZigiY29waWVkIHN0cmluZyA6ICVzXG4iLCBkZXN0KQpQRi0tPj5NOiBQcmludCB0aGUgY29waWVkIHN0cmluZw==

Sheet GPT-3.5-ft_atoi
A1: status | B1: comp | C1: prompt | D1: total | E1: mermaid | F1: url
A2: 1 | B2: 343 | C2: 1390 | D2: 1733 | E2: sequenceDiagram participant M as main() participant FA as ft_atoi() participant FD as ft_isdigit() participant FI as ft_isspace() M->>FA: Call ft_atoi() FA->>FI: Call ft_isspace(*str) loop while ft_isspace(*str) FI->>FI: increment str end alt if *str=='-' FA-->>FA: Set is_neg = 1 FI->>FI: increment str end alt if *str=='+' or *str=='-' FI->>FI: increment str end loop while ft_isdigit(*str) alt if ft_isoverflow(&num, is_neg, (*str - '0')) FA-->>M: Return -num else Otherwise FA-->>FA: Set num FA->>FD: Call ft_isdigit(*str) alt if is_neg note over FA,FD: Define cutoff & cutlim for negative numbers else note over FA,FD: Define cutoff & cutlim for positive numbers end alt if *num > cutoff or (*num == cutoff and *str-'0' > cutlim) note over FA: Set num to LONG_MIN or LONG_MAX else Otherwise note over FA: Update num end else Otherwise FA->>FA: Multiply num by 10 and add (*str++ - '0') end end FA-->>M: Return num M->>printf: Call printf() printf-->>M: Print the result | F2: https://mermaid.ink/img/JSV7aW5pdDp7J3RoZW1lJzonZm9yZXN0J319JSUKc2VxdWVuY2VEaWFncmFtCnBhcnRpY2lwYW50IE0gYXMgbWFpbigpCnBhcnRpY2lwYW50IEZBIGFzIGZ0X2F0b2koKQpwYXJ0aWNpcGFudCBGRCBhcyBmdF9pc2RpZ2l0KCkKcGFydGljaXBhbnQgRkkgYXMgZnRfaXNzcGFjZSgpCk0tPj5GQTogQ2FsbCBmdF9hdG9pKCkKRkEtPj5GSTogQ2FsbCBmdF9pc3NwYWNlKCpzdHIpCmxvb3Agd2hpbGUgZnRfaXNzcGFjZSgqc3RyKQpGSS0+PkZJOiBpbmNyZW1lbnQgc3RyCmVuZAphbHQgaWYgKnN0cj09Jy0nCkZBLS0+PkZBOiBTZXQgaXNfbmVnID0gMQpGSS0+PkZJOiBpbmNyZW1lbnQgc3RyCmVuZAphbHQgaWYgKnN0cj09JysnIG9yICpzdHI9PSctJwpGSS0+PkZJOiBpbmNyZW1lbnQgc3RyCmVuZApsb29wIHdoaWxlIGZ0X2lzZGlnaXQoKnN0cikKYWx0IGlmIGZ0X2lzb3ZlcmZsb3coJm51bSwgaXNfbmVnLCAoKnN0ciAtICcwJykpCkZBLS0+Pk06IFJldHVybiAtbnVtCmVsc2UgT3RoZXJ3aXNlCkZBLS0+PkZBOiBTZXQgbnVtCkZBLT4+RkQ6IENhbGwgZnRfaXNkaWdpdCgqc3RyKQphbHQgaWYgaXNfbmVnCm5vdGUgb3ZlciBGQSxGRDogRGVmaW5lIGN1dG9mZiAmIGN1dGxpbSBmb3IgbmVnYXRpdmUgbnVtYmVycwplbHNlCm5vdGUgb3ZlciBGQSxGRDogRGVmaW5lIGN1dG9mZiAmIGN1dGxpbSBmb3IgcG9zaXRpdmUgbnVtYmVycwplbmQKYWx0IGlmICpudW0gPiBjdXRvZmYgb3IgKCpudW0gPT0gY3V0b2ZmIGFuZCAqc3RyLScwJyA+IGN1dGxpbSkKbm90ZSBvdmVyIEZBOiBTZXQgbnVtIHRvIExPTkdfTUlOIG9yIExPTkdfTUFYCmVsc2UgT3RoZXJ3aXNlCm5vdGUgb3ZlciBGQTogVXBkYXRlIG51bQplbmQKZWxzZSBPdGhlcndpc2UKRkEtPj5GQTogTXVsdGlwbHkgbnVtIGJ5IDEwIGFuZCBhZGQgKCpzdHIrKyAtICcwJykKZW5kCmVuZApGQS0tPj5NOiBSZXR1cm4gbnVtCk0tPj5wcmludGY6IENhbGwgcHJpbnRmKCkKcHJpbnRmLS0+Pk06IFByaW50IHRoZSByZXN1bHQ=
A3: 1 | B3: 280 | C3: 1390 | D3: 1670 | E3: sequenceDiagram participant M as main() participant FID as ft_isdigit() participant FIS as ft_isspace() participant FIO as ft_isoverflow() participant FA as ft_atoi() participant PF as printf() M->>FA: Call ft_atoi(str) alt is_str_negative FA->>FIO: Call ft_isoverflow(&num, is_neg, *str - '0') FIO->>FIO: Check if overflow occurs alt if overflow_occurs FIO->>FA: Return 0 else not_overflow FIO-->>FA: Return 0 else is_digit alt if digit FA->>FID: Call ft_isdigit(*str) alt if is_digit FA->>FA: Calculate num and increment str else not_digit FID-->>FA: Return result end else is_space alt if space FA->>FIS: Call ft_isspace(*str) alt if space FA-->>FA: Skip else not_space FIS-->>FA: Return result end end end end end FA->>PF: Call printf("%d\n", i) PF-->>M: Print the result | F3: https://mermaid.ink/img/JSV7aW5pdDp7J3RoZW1lJzonZm9yZXN0J319JSUKc2VxdWVuY2VEaWFncmFtCnBhcnRpY2lwYW50IE0gYXMgbWFpbigpCnBhcnRpY2lwYW50IEZJRCBhcyBmdF9pc2RpZ2l0KCkKcGFydGljaXBhbnQgRklTIGFzIGZ0X2lzc3BhY2UoKQpwYXJ0aWNpcGFudCBGSU8gYXMgZnRfaXNvdmVyZmxvdygpCnBhcnRpY2lwYW50IEZBIGFzIGZ0X2F0b2koKQpwYXJ0aWNpcGFudCBQRiBhcyBwcmludGYoKQpNLT4+RkE6IENhbGwgZnRfYXRvaShzdHIpCmFsdCBpc19zdHJfbmVnYXRpdmUKRkEtPj5GSU86IENhbGwgZnRfaXNvdmVyZmxvdygmbnVtLCBpc19uZWcsICpzdHIgLSAnMCcpCkZJTy0+PkZJTzogQ2hlY2sgaWYgb3ZlcmZsb3cgb2NjdXJzCmFsdCBpZiBvdmVyZmxvd19vY2N1cnMKRklPLT4+RkE6IFJldHVybiAwCmVsc2Ugbm90X292ZXJmbG93CkZJTy0tPj5GQTogUmV0dXJuIDAKZWxzZSBpc19kaWdpdAphbHQgaWYgZGlnaXQKRkEtPj5GSUQ6IENhbGwgZnRfaXNkaWdpdCgqc3RyKQphbHQgaWYgaXNfZGlnaXQKRkEtPj5GQTogQ2FsY3VsYXRlIG51bSBhbmQgaW5jcmVtZW50IHN0cgplbHNlIG5vdF9kaWdpdApGSUQtLT4+RkE6IFJldHVybiByZXN1bHQKZW5kCmVsc2UgaXNfc3BhY2UKYWx0IGlmIHNwYWNlCkZBLT4+RklTOiBDYWxsIGZ0X2lzc3BhY2UoKnN0cikKYWx0IGlmIHNwYWNlCkZBLS0+PkZBOiBTa2lwCmVsc2Ugbm90X3NwYWNlCkZJUy0tPj5GQTogUmV0dXJuIHJlc3VsdAplbmQKZW5kCmVuZAplbmQKZW5kCkZBLT4+UEY6IENhbGwgcHJpbnRmKCIlZFxuIiwgaSkKUEYtLT4+TTogUHJpbnQgdGhlIHJlc3VsdA==
A4: 1 | B4: 299 | C4: 1390 | D4: 1689 | E4: sequenceDiagram participant M as main() participant FA as ft_isdigit() participant FB as ft_isspace() participant FIO as ft_isoverflow() participant FAI as ft_atoi() participant PF as printf() M->>FAI: Call ft_atoi(str) FAI->>FA: Call ft_isdigit(*str) FAI->>FB: Call ft_isspace(*str) loop until non-space character is found alt if *str == '-' note over FAI: Set is_neg = 1 else if *str == '+' note over FAI: Set is_neg = 0 else Otherwise note over FAI: Skip leading whitespaces end end loop until digit character is found FAI->>FA: Call ft_isdigit(*str) note over FAI: Perform overflow check alt if overflow detected note over FAI: Break the loop else Otherwise note over FAI: Convert char to int and update num end end alt if is_neg note over FAI: Return -num else note over FAI: Return num end M->>PF: Call printf("%d\n", i) PF-->>M: Print the result | F4: https://mermaid.ink/img/JSV7aW5pdDp7J3RoZW1lJzonZm9yZXN0J319JSUKc2VxdWVuY2VEaWFncmFtCnBhcnRpY2lwYW50IE0gYXMgbWFpbigpCnBhcnRpY2lwYW50IEZBIGFzIGZ0X2lzZGlnaXQoKQpwYXJ0aWNpcGFudCBGQiBhcyBmdF9pc3NwYWNlKCkKcGFydGljaXBhbnQgRklPIGFzIGZ0X2lzb3ZlcmZsb3coKQpwYXJ0aWNpcGFudCBGQUkgYXMgZnRfYXRvaSgpCnBhcnRpY2lwYW50IFBGIGFzIHByaW50ZigpCk0tPj5GQUk6IENhbGwgZnRfYXRvaShzdHIpCkZBSS0+PkZBOiBDYWxsIGZ0X2lzZGlnaXQoKnN0cikKRkFJLT4+RkI6IENhbGwgZnRfaXNzcGFjZSgqc3RyKQpsb29wIHVudGlsIG5vbi1zcGFjZSBjaGFyYWN0ZXIgaXMgZm91bmQKICAgIGFsdCBpZiAqc3RyID09ICctJwogICAgICAgIG5vdGUgb3ZlciBGQUk6IFNldCBpc19uZWcgPSAxCiAgICBlbHNlIGlmICpzdHIgPT0gJysnCiAgICAgICAgbm90ZSBvdmVyIEZBSTogU2V0IGlzX25lZyA9IDAKICAgIGVsc2UgT3RoZXJ3aXNlCiAgICAgICAgbm90ZSBvdmVyIEZBSTogU2tpcCBsZWFkaW5nIHdoaXRlc3BhY2VzCiAgICBlbmQKZW5kCmxvb3AgdW50aWwgZGlnaXQgY2hhcmFjdGVyIGlzIGZvdW5kCiAgICBGQUktPj5GQTogQ2FsbCBmdF9pc2RpZ2l0KCpzdHIpCiAgICBub3RlIG92ZXIgRkFJOiBQZXJmb3JtIG92ZXJmbG93IGNoZWNrCiAgICBhbHQgaWYgb3ZlcmZsb3cgZGV0ZWN0ZWQKICAgICAgICBub3RlIG92ZXIgRkFJOiBCcmVhayB0aGUgbG9vcAogICAgZWxzZSBPdGhlcndpc2UKICAgICAgICBub3RlIG92ZXIgRkFJOiBDb252ZXJ0IGNoYXIgdG8gaW50IGFuZCB1cGRhdGUgbnVtCiAgICBlbmQKZW5kCmFsdCBpZiBpc19uZWcKICAgIG5vdGUgb3ZlciBGQUk6IFJldHVybiAtbnVtCmVsc2UKICAgIG5vdGUgb3ZlciBGQUk6IFJldHVybiBudW0KZW5kCk0tPj5QRjogQ2FsbCBwcmludGYoIiVkXG4iLCBpKQpQRi0tPj5NOiBQcmludCB0aGUgcmVzdWx0
A5: 0 | B5: 370 | C5: 1390 | D5: 1760 | E5: sequenceDiagram participant M as main() participant FA as ft_atoi() participant FD as ft_isdigit() participant FS as ft_isspace() M->>FA: Call ft_atoi("1234567890") FA->>FS: Call ft_isspace(*str) loop while ft_isspace(*str) FS-->>FA: Return to FA alt if *str == '-' note over FA: set is_neg = 1 FA->>FD: Call ft_isdigit(*str) alt if ft_isdigit(*str) note over FA: num = num * 10 + (*str - '0') FD-->>FA: Return to FA else Otherwise break end else if *str == '+' FA->>FD: Call ft_isdigit(*str) alt if ft_isdigit(*str) note over FA: num = num * 10 + (*str - '0') FD-->>FA: Return to FA else Otherwise break end end FA->>FD: Call ft_isdigit(*str) alt if ft_isdigit(*str) note over FA: num = num * 10 + (*str - '0') FD-->>FA: Return to FA else Otherwise break end alt if is_neg note over FA: return -num else note over FA: return num end FA->>M: Return i M->>printf: Call printf("%d ", i) printf-->>M: Print the result | F5: N/A
A6: 1 | B6: 362 | C6: 1390 | D6: 1752 | E6: sequenceDiagram participant M as main() participant FA as ft_isdigit() participant FAS as ft_isspace() participant FIO as ft_isoverflow() participant FAI as ft_atoi() participant PF as printf() M->>FAI: Call ft_atoi(str) alt is *str an empty string FAI-->>M: Return 0 else is *str a non-empty string note over FAI: Initialize num = 0 note over FAI: Initialize is_neg = 0 loop while *str is a space FAI->>FAS: Call ft_isspace(*str) end alt if *str is '-' note over FAI: Set is_neg = 1 FAI->>FA: Increment *str else if *str is '+' FAI->>FA: Increment *str end loop while *str is a digit alt if ft_isoverflow(&num, is_neg, *str - '0') returns 1 FAI-->>M: Return -num else note over FAI: num *= 10 note over FAI: num += (*str - '0') FAI->>FA: Increment *str end end alt is is_neg true FAI-->>M: Return -num else FAI-->>M: Return num end end M->>PF: call printf("%d\n", i) PF-->>M: Print the result | F6: https://mermaid.ink/img/JSV7aW5pdDp7J3RoZW1lJzonZm9yZXN0J319JSUKc2VxdWVuY2VEaWFncmFtCnBhcnRpY2lwYW50IE0gYXMgbWFpbigpCnBhcnRpY2lwYW50IEZBIGFzIGZ0X2lzZGlnaXQoKQpwYXJ0aWNpcGFudCBGQVMgYXMgZnRfaXNzcGFjZSgpCnBhcnRpY2lwYW50IEZJTyBhcyBmdF9pc292ZXJmbG93KCkKcGFydGljaXBhbnQgRkFJIGFzIGZ0X2F0b2koKQpwYXJ0aWNpcGFudCBQRiBhcyBwcmludGYoKQpNLT4+RkFJOiBDYWxsIGZ0X2F0b2koc3RyKQphbHQgaXMgKnN0ciBhbiBlbXB0eSBzdHJpbmcKRkFJLS0+Pk06IFJldHVybiAwCmVsc2UgaXMgKnN0ciBhIG5vbi1lbXB0eSBzdHJpbmcKICAgIG5vdGUgb3ZlciBGQUk6IEluaXRpYWxpemUgbnVtID0gMAogICAgbm90ZSBvdmVyIEZBSTogSW5pdGlhbGl6ZSBpc19uZWcgPSAwCiAgICBsb29wIHdoaWxlICpzdHIgaXMgYSBzcGFjZQogICAgICAgIEZBSS0+PkZBUzogQ2FsbCBmdF9pc3NwYWNlKCpzdHIpCiAgICBlbmQKICAgIGFsdCBpZiAqc3RyIGlzICctJwogICAgICAgIG5vdGUgb3ZlciBGQUk6IFNldCBpc19uZWcgPSAxCiAgICAgICAgRkFJLT4+RkE6IEluY3JlbWVudCAqc3RyCiAgICBlbHNlIGlmICpzdHIgaXMgJysnCiAgICAgICAgRkFJLT4+RkE6IEluY3JlbWVudCAqc3RyCiAgICBlbmQKICAgIGxvb3Agd2hpbGUgKnN0ciBpcyBhIGRpZ2l0CiAgICAgICAgYWx0IGlmIGZ0X2lzb3ZlcmZsb3coJm51bSwgaXNfbmVnLCAqc3RyIC0gJzAnKSByZXR1cm5zIDEKICAgICAgICAgICAgRkFJLS0+Pk06IFJldHVybiAtbnVtCiAgICAgICAgZWxzZQogICAgICAgICAgICBub3RlIG92ZXIgRkFJOiBudW0gKj0gMTAKICAgICAgICAgICAgbm90ZSBvdmVyIEZBSTogbnVtICs9ICgqc3RyIC0gJzAnKQogICAgICAgICAgICBGQUktPj5GQTogSW5jcmVtZW50ICpzdHIKICAgICAgICBlbmQKICAgIGVuZAogICAgYWx0IGlzIGlzX25lZyB0cnVlCiAgICAgICAgRkFJLS0+Pk06IFJldHVybiAtbnVtCiAgICBlbHNlCiAgICAgICAgRkFJLS0+Pk06IFJldHVybiBudW0KICAgIGVuZAplbmQKTS0+PlBGOiBjYWxsIHByaW50ZigiJWRcbiIsIGkpClBGLS0+Pk06IFByaW50IHRoZSByZXN1bHQ=
A7: 0 | B7: 283 | C7: 1390 | D7: 1673 | E7: sequenceDiagram participant M as main() participant FA as ft_isdigit() participant FI as ft_isspace() participant FIO as ft_isoverflow() participant FAI as ft_atoi() participant PF as printf() M->>FAI: call ft_atoi(str) FAI->>FA: Call ft_isspace(*str) loop while ft_isspace(*str) FA-->>FAI: return result end alt if *str == '-' or *str == '+' note over FAI: Update is_neg FAI-->>FAI: Move to next character end loop while ft_isdigit(*str) alt if ft_isoverflow(&num, is_neg, *str - '0') note over FIO: Update num break else Otherwise note over FAI: Update num FAI-->>FAI: Move to next character end end alt if is_neg FAI-->>M: return -num else Otherwise FAI-->>M: return num end M->>PF: call printf("%d\n", i) PF-->>M: Print the result | F7: N/A
A8: 0 | B8: 234 | C8: 1390 | D8: 1624 | E8: sequenceDiagram participant M as main() participant FA as ft_atoi() participant FI as ft_isoverflow() M->>FA: Call ft_atoi("1234567890") FA->>FI: Call ft_isoverflow(&num, is_neg, *str - '0') loop while ft_isspace(*str) FA->>FA: Move to next character end alt if *str == '-' FA-->>FA: Set is_neg to 1 else if *str == '-' or *str == '+' FA-->>FA: Move to next character end loop while ft_isdigit(*str) alt if ft_isoverflow(&num, is_neg, *str - '0') break else FA->>FA: Multiply num by 10 and add (*str - '0') end end alt if is_neg FA-->>M: Return -num else FA-->>M: Return num | F8: N/A
A9: 1 | B9: 364 | C9: 1390 | D9: 1754 | E9: sequenceDiagram participant M as main() participant FA as ft_isdigit() participant FI as ft_isspace() participant FIO as ft_isoverflow() participant FAI as ft_atoi() participant PF as printf() M->>FAI: Call ft_atoi(str) FAI->>FA: Call ft_isdigit(*str) FAI->>FI: Call ft_isspace(*str) loop while ft_isspace(*str) note over FI: Skip white spaces FI->>FI: Move to next character end alt if *str == '-' or *str == '+' note over FAI: Check for sign FAI->>FAI: Move to next character else Otherwise note over FAI: Proceed to convert end loop while ft_isdigit(*str) alt if ft_isoverflow(&num, is_neg, *str - '0') note over FIO: Check for overflow else Otherwise note over FAI: Convert character to number FAI->>FAI: Move to next character end end alt if is_neg note over FAI: Return negative number FAI-->>M: Return -num else Otherwise note over FAI: Return positive number FAI-->>M: Return num end M->>PF: Call printf("%d\n", i) PF-->>M: Print the result | F9: https://mermaid.ink/img/JSV7aW5pdDp7J3RoZW1lJzonZm9yZXN0J319JSUKc2VxdWVuY2VEaWFncmFtCiAgICBwYXJ0aWNpcGFudCBNIGFzIG1haW4oKQogICAgcGFydGljaXBhbnQgRkEgYXMgZnRfaXNkaWdpdCgpCiAgICBwYXJ0aWNpcGFudCBGSSBhcyBmdF9pc3NwYWNlKCkKICAgIHBhcnRpY2lwYW50IEZJTyBhcyBmdF9pc292ZXJmbG93KCkKICAgIHBhcnRpY2lwYW50IEZBSSBhcyBmdF9hdG9pKCkKICAgIHBhcnRpY2lwYW50IFBGIGFzIHByaW50ZigpCiAgICBNLT4+RkFJOiBDYWxsIGZ0X2F0b2koc3RyKQogICAgRkFJLT4+RkE6IENhbGwgZnRfaXNkaWdpdCgqc3RyKQogICAgRkFJLT4+Rkk6IENhbGwgZnRfaXNzcGFjZSgqc3RyKQogICAgbG9vcCB3aGlsZSBmdF9pc3NwYWNlKCpzdHIpCiAgICAgICAgbm90ZSBvdmVyIEZJOiBTa2lwIHdoaXRlIHNwYWNlcwogICAgICAgIEZJLT4+Rkk6IE1vdmUgdG8gbmV4dCBjaGFyYWN0ZXIKICAgIGVuZAogICAgYWx0IGlmICpzdHIgPT0gJy0nIG9yICpzdHIgPT0gJysnCiAgICAgICAgbm90ZSBvdmVyIEZBSTogQ2hlY2sgZm9yIHNpZ24KICAgICAgICBGQUktPj5GQUk6IE1vdmUgdG8gbmV4dCBjaGFyYWN0ZXIKICAgIGVsc2UgT3RoZXJ3aXNlCiAgICAgICAgbm90ZSBvdmVyIEZBSTogUHJvY2VlZCB0byBjb252ZXJ0CiAgICBlbmQKICAgIGxvb3Agd2hpbGUgZnRfaXNkaWdpdCgqc3RyKQogICAgICAgIGFsdCBpZiBmdF9pc292ZXJmbG93KCZudW0sIGlzX25lZywgKnN0ciAtICcwJykKICAgICAgICAgICAgbm90ZSBvdmVyIEZJTzogQ2hlY2sgZm9yIG92ZXJmbG93CiAgICAgICAgZWxzZSBPdGhlcndpc2UKICAgICAgICAgICAgbm90ZSBvdmVyIEZBSTogQ29udmVydCBjaGFyYWN0ZXIgdG8gbnVtYmVyCiAgICAgICAgICAgIEZBSS0+PkZBSTogTW92ZSB0byBuZXh0IGNoYXJhY3RlcgogICAgICAgIGVuZAogICAgZW5kCiAgICBhbHQgaWYgaXNfbmVnCiAgICAgICAgbm90ZSBvdmVyIEZBSTogUmV0dXJuIG5lZ2F0aXZlIG51bWJlcgogICAgICAgIEZBSS0tPj5NOiBSZXR1cm4gLW51bQogICAgZWxzZSBPdGhlcndpc2UKICAgICAgICBub3RlIG92ZXIgRkFJOiBSZXR1cm4gcG9zaXRpdmUgbnVtYmVyCiAgICAgICAgRkFJLS0+Pk06IFJldHVybiBudW0KICAgIGVuZAogICAgTS0+PlBGOiBDYWxsIHByaW50ZigiJWRcbiIsIGkpCiAgICBQRi0tPj5NOiBQcmludCB0aGUgcmVzdWx0
A10: 0 | B10: 252 | C10: 1390 | D10: 1642 | E10: sequenceDiagram participant M as main() participant FA as ft_atoi() participant FID as ft_isdigit() participant FIS as ft_isspace() M->>FA: Call ft_atoi(str) FA->>FIS: Call ft_isspace(*str) note over FIS: skip whitespaces alt is whitespace FIS->>FIS: move to next char else not a whitespace alt is negative sign FA->>FA: set is_neg FA->>FID: Call ft_isdigit(*str) alt is a digit FID->>FA: check for overflow alt overflow FA->>FA: break else no overflow FA->>FA: calculate num FID->>FA: move to next char else not a digit FA-->>M: return num end end else positive sign FA->>FID: Call ft_isdigit(*str) ...(same as above) end end end M->>PF: call printf("%d\n", i) PF-->>M: Print the result | F10: N/A
A11: 0 | B11: 182 | C11: 1390 | D11: 1572 | E11: sequenceDiagram participant M as main() participant FA as ft_atoi() participant FN as ft_isdigit() participant FI as ft_isspace() participant FIO as ft_isoverflow() participant PF as printf() M->>FA: Call ft_atoi(str) alt if str is '-' or '+' FA->>FA: Move to next character alt if character is a digit alt if it's an overflow note over FIO: set num to LONG_MIN or LONG_MAX FIO-->>FA: return 0 else Otherwise FA-->>FA: calculate num else Otherwise FA-->>M: return num opt if is negative M->>PF: call printf("%d\n", i) PF-->>M: Print the result | F11: N/A
A12: 0 | B12: 313 | C12: 1390 | D12: 1703 | E12: sequenceDiagram participant M as main() participant FA as ft_atoi() participant FI as ft_isdigit() participant FS as ft_isspace() participant FIO as ft_isoverflow() participant PF as printf() M->>FA: Call ft_atoi("1234567890") FA->>FS: Call ft_isspace('1') alt if c is a space FS->>FS: increment str else if c is not a space alt if c is '-' FA->>FA: Set is_neg=1 FA->>FS: increment str else if c is '+' FA->>FS: increment str FI->>FI: Check if c is a digit FI->>FIO: Call ft_isoverflow(&num,is_neg,value) FIO-->>FI: Return 0 FI->>FA: Call ft_isoverflow(&num,is_neg,value) FA-->>FA: Multiply num by 10 and add (c - '0') FA->>FI: Call ft_isdigit(c) FI-->>FA: Return 1 end end end alt if is_neg is true FA->>M: Return -num else FA->>M: Return num end M->>PF: call printf("%d\n", i) PF-->>M: 1234567890 | F12: N/A
A13: 1 | B13: 266 | C13: 1390 | D13: 1656 | E13: sequenceDiagram participant M as main() participant FA as ft_atoi() participant FD as ft_isspace() M->>FA: Call ft_atoi(str) alt is *str a space? FA->>FD: Call ft_isspace(*str) loop while *str is a space FD-->>FA: Move to next character end else FA->>FD: Call ft_isspace(*str) end alt is *str '-' or '+'? FA->>FA: Move to next character end loop while *str is a digit FA->>FA: Move to next character alt is overflow? alt if is_neg FA->>FA: set *num = LONG_MIN else FA->>FA: set *num = LONG_MAX end else FA-->>FA: break end end alt is_neg? FA-->>M: return -num else FA-->>M: return num end M->>printf: Print i printf-->>M: | F13: https://mermaid.ink/img/JSV7aW5pdDp7J3RoZW1lJzonZm9yZXN0J319JSUKc2VxdWVuY2VEaWFncmFtCnBhcnRpY2lwYW50IE0gYXMgbWFpbigpCnBhcnRpY2lwYW50IEZBIGFzIGZ0X2F0b2koKQpwYXJ0aWNpcGFudCBGRCBhcyBmdF9pc3NwYWNlKCkKTS0+PkZBOiBDYWxsIGZ0X2F0b2koc3RyKQphbHQgaXMgKnN0ciBhIHNwYWNlPwoJRkEtPj5GRDogQ2FsbCBmdF9pc3NwYWNlKCpzdHIpCglsb29wIHdoaWxlICpzdHIgaXMgYSBzcGFjZQoJCUZELS0+PkZBOiBNb3ZlIHRvIG5leHQgY2hhcmFjdGVyCgllbmQKZWxzZQoJRkEtPj5GRDogQ2FsbCBmdF9pc3NwYWNlKCpzdHIpCmVuZAphbHQgaXMgKnN0ciAnLScgb3IgJysnPwoJRkEtPj5GQTogTW92ZSB0byBuZXh0IGNoYXJhY3RlcgplbmQKbG9vcCB3aGlsZSAqc3RyIGlzIGEgZGlnaXQKCUZBLT4+RkE6IE1vdmUgdG8gbmV4dCBjaGFyYWN0ZXIKCWFsdCBpcyBvdmVyZmxvdz8KCQlhbHQgaWYgaXNfbmVnCgkJCUZBLT4+RkE6IHNldCAqbnVtID0gTE9OR19NSU4KCQllbHNlCgkJCUZBLT4+RkE6IHNldCAqbnVtID0gTE9OR19NQVgKCQllbmQKCWVsc2UKCQlGQS0tPj5GQTogYnJlYWsKCWVuZAplbmQKYWx0IGlzX25lZz8KCUZBLS0+Pk06IHJldHVybiAtbnVtCmVsc2UKCUZBLS0+Pk06IHJldHVybiBudW0KZW5kCk0tPj5wcmludGY6IFByaW50IGkKcHJpbnRmLS0+Pk06IA==
... A102: 0 | B102: 627 | C102: 1390 | D102: 2017 | E102: sequenceDiagram participant M as main() participant FA as ft_isdigit() participant FI as ft_isspace() participant FIO as ft_isoverflow() participant FAI as ft_atoi() participant PF as printf() M->>FAI: Call ft_atoi("1234567890") FAI->>FI: Call ft_isspace(*str) loop while ft_isspace(*str) FI->>FI: Check if *str is a space end alt if *str == '-' FAI->>FAI: Set is_neg = 1 else if *str == '-' or '+' FAI->>FAI: Skip the sign alt if ft_isdigit(*str) FAI->>FIO: Call ft_isoverflow(&num, is_neg, *str - '0') FIO->>FIO: Calculate cutoff and cutlim alt if *num > cutoff or (*num == cutoff and *str - '0' > cutlim) FIO->>FAI: Set num as LONG_MIN or LONG_MAX else Otherwise FIO-->>FAI: Continue with the conversion FAI->>FAI: Convert char to number and add to num else Otherwise FAI-->>M: return num or -num M->>PF: call printf("%d\n", i) PF-->>M: Print the result | F102: N/A

Sheet GPT-3.5-ft_split
A1: status | B1: comp | C1: prompt | D1: total | E1: mermaid | F1: url
A2: 0 | B2: 377 | C2: 1725 | D2: 2102 | E2: sequenceDiagram participant M as main() participant FS as ft_strlen() participant FM as ft_memcpy() participant FSUB as ft_substr() participant FMS as ft_move_splitstart() participant FGSL as ft_get_splitlen() participant FGST as ft_get_splittimes() participant FFA as ft_free_array() M->>ft_split: Call ft_split(str, c) alt str is NULL ft_split->>M: return NULL else Otherwise ft_split->>ft_get_splittimes: Call ft_get_splittimes(str, c) alt str is NULL ft_get_splittimes->>M: return 0 else Otherwise ft_get_splittimes->>ft_move_splitstart: Call ft_move_splitstart(str, c) loop for each split ft_move_splitstart->>ft_get_splitlen: Call ft_get_splitlen(str, c) alt result is NULL ft_get_splitlen->>ft_substr: Call ft_substr(str, 0, split_len) alt result is NULL ft_substr->>FFA: Call ft_free_array(result) FFA-->>ft_substr: return NULL else Otherwise ft_get_splitlen-->>ft_substr: return result end end else Otherwise ft_move_splitstart-->>ft_get_splitlen: return split_len end end end end end end alt result is NULL ft_get_splittimes-->>M: return NULL else Otherwise ft_get_splittimes-->>ft_split: return result end end end end end ft_split->>PF: Print result PF-->>M: Print the result | F2: N/A
A3: 1 | B3: 389 | C3: 1725 | D3: 2114 | E3: sequenceDiagram participant M as main() participant FS as ft_strlen() participant FM as ft_memcpy() participant FSU as ft_substr() participant FMSS as ft_move_splitstart() participant FGSL as ft_get_splitlen() participant FGST as ft_get_splittimes() participant FFA as ft_free_array() M->>FS: call ft_strlen() alt size > start FS-->>M: return NULL else size <= start alt size > len note over M: size = len FSU->>FM: call ft_memcpy() FM-->>FSU: return dst note over M: *(result + size) = '\0' FSU-->>M: return result else size <= len FSU->>FM: call ft_memcpy() FM-->>FSU: return dst note over M: *(result + size) = '\0' FSU-->>M: return result end else size > start note over M: size = size - start FSU->>FM: call ft_memcpy() FM-->>FSU: return dst note over M: *(result + size) = '\0' FSU-->>M: return result end M->>FMSS: call ft_move_splitstart() M->>FGSL: call ft_get_splitlen() M->>FGST: call ft_get_splittimes() M->>FFA: call ft_free_array() M->>FMSS: call ft_move_splitstart() M->>FGSL: call ft_get_splitlen() M->>FFA: call ft_free_array() | F3: https://mermaid.ink/img/JSV7aW5pdDp7J3RoZW1lJzonZm9yZXN0J319JSUKc2VxdWVuY2VEaWFncmFtCnBhcnRpY2lwYW50IE0gYXMgbWFpbigpCnBhcnRpY2lwYW50IEZTIGFzIGZ0X3N0cmxlbigpCnBhcnRpY2lwYW50IEZNIGFzIGZ0X21lbWNweSgpCnBhcnRpY2lwYW50IEZTVSBhcyBmdF9zdWJzdHIoKQpwYXJ0aWNpcGFudCBGTVNTIGFzIGZ0X21vdmVfc3BsaXRzdGFydCgpCnBhcnRpY2lwYW50IEZHU0wgYXMgZnRfZ2V0X3NwbGl0bGVuKCkKcGFydGljaXBhbnQgRkdTVCBhcyBmdF9nZXRfc3BsaXR0aW1lcygpCnBhcnRpY2lwYW50IEZGQSBhcyBmdF9mcmVlX2FycmF5KCkKTS0+PkZTOiBjYWxsIGZ0X3N0cmxlbigpCmFsdCBzaXplID4gc3RhcnQKICBGUy0tPj5NOiByZXR1cm4gTlVMTAplbHNlIHNpemUgPD0gc3RhcnQKICBhbHQgc2l6ZSA+IGxlbgogICAgbm90ZSBvdmVyIE06IHNpemUgPSBsZW4KICAgIEZTVS0+PkZNOiBjYWxsIGZ0X21lbWNweSgpCiAgICBGTS0tPj5GU1U6IHJldHVybiBkc3QKICAgIG5vdGUgb3ZlciBNOiAqKHJlc3VsdCArIHNpemUpID0gJ1wwJwogICAgRlNVLS0+Pk06IHJldHVybiByZXN1bHQKICBlbHNlIHNpemUgPD0gbGVuCiAgICBGU1UtPj5GTTogY2FsbCBmdF9tZW1jcHkoKQogICAgRk0tLT4+RlNVOiByZXR1cm4gZHN0CiAgICBub3RlIG92ZXIgTTogKihyZXN1bHQgKyBzaXplKSA9ICdcMCcKICAgIEZTVS0tPj5NOiByZXR1cm4gcmVzdWx0CiAgZW5kCmVsc2Ugc2l6ZSA+IHN0YXJ0CiAgbm90ZSBvdmVyIE06IHNpemUgPSBzaXplIC0gc3RhcnQKICBGU1UtPj5GTTogY2FsbCBmdF9tZW1jcHkoKQogIEZNLS0+PkZTVTogcmV0dXJuIGRzdAogIG5vdGUgb3ZlciBNOiAqKHJlc3VsdCArIHNpemUpID0gJ1wwJwogIEZTVS0tPj5NOiByZXR1cm4gcmVzdWx0CmVuZApNLT4+Rk1TUzogY2FsbCBmdF9tb3ZlX3NwbGl0c3RhcnQoKQpNLT4+RkdTTDogY2FsbCBmdF9nZXRfc3BsaXRsZW4oKQpNLT4+RkdTVDogY2FsbCBmdF9nZXRfc3BsaXR0aW1lcygpCk0tPj5GRkE6IGNhbGwgZnRfZnJlZV9hcnJheSgpCgpNLT4+Rk1TUzogY2FsbCBmdF9tb3ZlX3NwbGl0c3RhcnQoKQpNLT4+RkdTTDogY2FsbCBmdF9nZXRfc3BsaXRsZW4oKQpNLT4+RkZBOiBjYWxsIGZ0X2ZyZWVfYXJyYXkoKQ==
A4: 0 | B4: 1328 | C4: 1725 | D4: 3053 | E4: sequenceDiagram participant M as main() participant FS as ft_strlen() participant FM as ft_memcpy() participant FSub as ft_substr() participant FMS as ft_move_splitstart() participant FGSL as ft_get_splitlen() participant FGST as ft_get_splittimes() participant FFA as ft_free_array() M->>FS: Call ft_strlen(str) alt size <= start FS-->>M: Return NULL else size > start alt size <= len FS->>FSub: Call ft_substr(str, start, size) FSub->>FM: Call ft_memcpy(result, str + start, size) FM-->>FSub: dst end else size > len FS->>FSub: Call ft_substr(str, start, len) FSub->>FM: Call ft_memcpy(result, str + start, len) FM-->>FSub: dst end FSub-->>FS: result end M->>FGST: Call ft_get_splittimes(str, c) M->>FM: Call ft_memcpy(result, str + start, size) M->>FFA: Call ft_free_array(result) alt result[result_i] FFA->>result[result_i]: free(result[i]) FFA-->>FFA: increment i end FFA->>result:result M->>FMSStr: Call ft_move_splitstart(str, c) M->>FGSL: Call ft_get_splitlen(str, c) FGSL-->>M: count FGST-->>M: elem M->>FS: Call ft_strlen(str) FS-->>M: i M->>FSub: Call ft_substr(str, 0, split_len) FSub-->>M: result[result_i] M-->>FS: str M->>FFA: Call ft_free_array(result) FS-->>M: size loop while result[result_i] FS-->>M: result end FMS-->>M: count FGSL-->>M: count M->>FS: Call ft_strlen(str) FS-->>M: size M->>FSub: Call ft_substr(str, 0, split_len) FSub-->>M: result[result_i] M->>FFA: Call ft_free_array(result) alt result[result_i] FFA->>result[result_i]: free(result[i]) FFA-->>FFA: increment i end end M-->>FS: str M->>FMS: Call ft_move_splitstart(str, c) M->>FS: Call ft_strlen(str) FS-->>M: size M->>FMS: Call ft_move_splitstart(str, c) M->>FGSL: Call ft_get_splitlen(str, c) FGSL-->>M: count M->>FM: Call ft_memcpy(result, str + start, size) FM-->>M: dst M->>FSub: Call ft_substr(str, 0, split_len) FSub-->>M: result[result_i] M->>FM: Call ft_memcpy(result, str + start, size) FM-->>M: dst M->>FGST: Call ft_get_splittimes(str, c) FGST-->>M: elem M->>FFA: Call ft_free_array(result) FFA-->>M: result M->>FSub: Call ft_substr(str, 0, split_len) M->>FFA: Call ft_free_array(result) FFA-->>M: result M->>FSub: Call ft_substr(str, 0, split_len) M->>FFA: Call ft_free_array(result) FFA-->>M: result M->>FS: Call ft_strlen(str) FS-->>M: size M->>FSub: Call ft_substr(str, 0, split_len) FSub-->>M: result[result_i] M->>FS: Call ft_strlen(str) FS-->>M: size M->>FSub: Call ft_substr(str, 0, split_len) FSub-->>M: result[result_i] M->>FS: Call ft_strlen(str) FS-->>M: size M->>FMS: Call ft_move_splitstart(str, c) M->>FS: Call ft_strlen(str) FS-->>M: size M->>FSub: Call ft_substr(str, 0, split_len) FSub-->>M: result[result_i] M->>FS: Call ft_strlen(str) FS-->>M: size M->>FSub: Call ft_substr(str, 0, split_len) FSub-->>M: result[result_i] M->>FS: Call ft_strlen(str) FS-->>M: size M->>FSub: Call ft_substr(str, 0, split_len) FSub-->>M: result[result_i] M->>FS: Call ft_strlen(str) FS-->>M: size M->>FMS: Call ft_move_splitstart(str, c) M->>FS: Call ft_strlen(str) FS-->>M: size M->>FSub: Call ft_substr(str, 0, split_len) FSub-->>M: result[result_i] M->>FFA: Call ft_free_array(result) FFA-->>M: result M->>FS: Call ft_strlen(str) FS-->>M: size M->>FSub: Call ft_substr(str, 0, split_len) FSub-->>M: result[result_i] M->>FFA: Call ft_free_array(result) FFA-->>M: result M->>FS: Call ft_strlen(str) FS-->>M: size M->>FSub: Call ft_substr(str, 0, split_len) FSub-->>M: result[result_i] | F4: N/A
A5: 1 | B5: 287 | C5: 1725 | D5: 2012 | E5: sequenceDiagram participant M as main() participant S as ft_strlen() participant M2 as ft_memcpy() participant SB as ft_substr() participant MS as ft_move_splitstart() participant GSL as ft_get_splitlen() participant GST as ft_get_splittimes() participant FA as ft_free_array() M->>SB: call ft_split(str, c) alt if !str SB-->>M: return NULL else Otherwise SB->>GST: Call ft_get_splittimes(str, c) alt if split_times>0 SB->>malloc: Allocate memory for result malloc-->>SB: Address of result SB->>MS: Call ft_move_splitstart(str, c) SB-->>M2: Address of the result M2->>SB: copy substring to result alt if result is NULL SB-->>FA: Free the array and return NULL else Otherwise SB->>GSL: Call ft_get_splitlen(str, c) SB->>SB: update str end else Otherwise SB-->>malloc: return NULL end end M->>printf: Print the result printf-->>M: Prints the substrings | F5: https://mermaid.ink/img/JSV7aW5pdDp7J3RoZW1lJzonZm9yZXN0J319JSUKc2VxdWVuY2VEaWFncmFtCnBhcnRpY2lwYW50IE0gYXMgbWFpbigpCnBhcnRpY2lwYW50IFMgYXMgZnRfc3RybGVuKCkKcGFydGljaXBhbnQgTTIgYXMgZnRfbWVtY3B5KCkKcGFydGljaXBhbnQgU0IgYXMgZnRfc3Vic3RyKCkKcGFydGljaXBhbnQgTVMgYXMgZnRfbW92ZV9zcGxpdHN0YXJ0KCkKcGFydGljaXBhbnQgR1NMIGFzIGZ0X2dldF9zcGxpdGxlbigpCnBhcnRpY2lwYW50IEdTVCBhcyBmdF9nZXRfc3BsaXR0aW1lcygpCnBhcnRpY2lwYW50IEZBIGFzIGZ0X2ZyZWVfYXJyYXkoKQpNLT4+U0I6IGNhbGwgZnRfc3BsaXQoc3RyLCBjKQphbHQgaWYgIXN0cgpTQi0tPj5NOiByZXR1cm4gTlVMTAplbHNlIE90aGVyd2lzZQogICAgU0ItPj5HU1Q6IENhbGwgZnRfZ2V0X3NwbGl0dGltZXMoc3RyLCBjKQogICAgYWx0IGlmIHNwbGl0X3RpbWVzPjAKICAgICAgICBTQi0+Pm1hbGxvYzogQWxsb2NhdGUgbWVtb3J5IGZvciByZXN1bHQKICAgICAgICBtYWxsb2MtLT4+U0I6IEFkZHJlc3Mgb2YgcmVzdWx0CiAgICAgICAgU0ItPj5NUzogQ2FsbCBmdF9tb3ZlX3NwbGl0c3RhcnQoc3RyLCBjKQogICAgICAgIFNCLS0+Pk0yOiBBZGRyZXNzIG9mIHRoZSByZXN1bHQKICAgICAgICBNMi0+PlNCOiBjb3B5IHN1YnN0cmluZyB0byByZXN1bHQKICAgICAgICBhbHQgaWYgcmVzdWx0IGlzIE5VTEwKICAgICAgICAgICAgU0ItLT4+RkE6IEZyZWUgdGhlIGFycmF5IGFuZCByZXR1cm4gTlVMTAogICAgICAgIGVsc2UgT3RoZXJ3aXNlCiAgICAgICAgICAgIFNCLT4+R1NMOiBDYWxsIGZ0X2dldF9zcGxpdGxlbihzdHIsIGMpCiAgICAgICAgICAgIFNCLT4+U0I6IHVwZGF0ZSBzdHIKICAgICAgICBlbmQKICAgIGVsc2UgT3RoZXJ3aXNlCiAgICAgICAgU0ItLT4+bWFsbG9jOiByZXR1cm4gTlVMTAogICAgZW5kCmVuZApNLT4+cHJpbnRmOiBQcmludCB0aGUgcmVzdWx0CnByaW50Zi0tPj5NOiBQcmludHMgdGhlIHN1YnN0cmluZ3M=
A6: 1 | B6: 492 | C6: 1725 | D6: 2217 | E6: sequenceDiagram participant M as main() participant S as ft_strlen() participant M2 as ft_memcpy() participant S2 as ft_substr() participant MV as ft_move_splitstart() participant GL as ft_get_splitlen() participant GT as ft_get_splittimes() participant FA as ft_free_array() M->>S: Call ft_strlen(str) S-->>M: Return size M->>M2: Call ft_memcpy(result, str + start, size) M2-->>M: Return dst M->>S2: Call ft_substr(str, 0, split_len) alt Error checking S2-->>M: Return NULL else S2-->>M: Return result end M->>MV: Call ft_move_splitstart(str, c) MV-->>M: Return count M->>GL: Call ft_get_splitlen(str, c) GL-->>M: Return count M->>GT: Call ft_get_splittimes(str, c) GT-->>M: Return elem M->>FA: Call ft_free_array(result) FA-->>M: Return NULL loop Result iteration M->>S: Call ft_strlen(str) S-->>M: Return size M->>S: Call ft_strlen(str) S-->>M: Return size M->>M2: Call ft_memcpy(result, str + start, size) M2-->>M: Return result M->>MV: Call ft_move_splitstart(str, c) MV-->>M: Return count M->>GL: Call ft_get_splitlen(str, c) GL-->>M: Return count M->>S2: Call ft_substr(str, 0, split_len) S2-->>M: Return result M->>MV: Call ft_move_splitstart(str, c) MV-->>M: Return count M->>GL: Call ft_get_splitlen(str, c) GL-->>M: Return count end M->>FA: Call ft_free_array(result) FA-->>M: Return NULL M->>S: Call ft_strlen(str) S-->>M: Return size | F6: https://mermaid.ink/img/JSV7aW5pdDp7J3RoZW1lJzonZm9yZXN0J319JSUKc2VxdWVuY2VEaWFncmFtCnBhcnRpY2lwYW50IE0gYXMgbWFpbigpCnBhcnRpY2lwYW50IFMgYXMgZnRfc3RybGVuKCkKcGFydGljaXBhbnQgTTIgYXMgZnRfbWVtY3B5KCkKcGFydGljaXBhbnQgUzIgYXMgZnRfc3Vic3RyKCkKcGFydGljaXBhbnQgTVYgYXMgZnRfbW92ZV9zcGxpdHN0YXJ0KCkKcGFydGljaXBhbnQgR0wgYXMgZnRfZ2V0X3NwbGl0bGVuKCkKcGFydGljaXBhbnQgR1QgYXMgZnRfZ2V0X3NwbGl0dGltZXMoKQpwYXJ0aWNpcGFudCBGQSBhcyBmdF9mcmVlX2FycmF5KCkKTS0+PlM6IENhbGwgZnRfc3RybGVuKHN0cikKUy0tPj5NOiBSZXR1cm4gc2l6ZQpNLT4+TTI6IENhbGwgZnRfbWVtY3B5KHJlc3VsdCwgc3RyICsgc3RhcnQsIHNpemUpCk0yLS0+Pk06IFJldHVybiBkc3QKTS0+PlMyOiBDYWxsIGZ0X3N1YnN0cihzdHIsIDAsIHNwbGl0X2xlbikKYWx0IEVycm9yIGNoZWNraW5nClMyLS0+Pk06IFJldHVybiBOVUxMCmVsc2UKUzItLT4+TTogUmV0dXJuIHJlc3VsdAplbmQKTS0+Pk1WOiBDYWxsIGZ0X21vdmVfc3BsaXRzdGFydChzdHIsIGMpCk1WLS0+Pk06IFJldHVybiBjb3VudApNLT4+R0w6IENhbGwgZnRfZ2V0X3NwbGl0bGVuKHN0ciwgYykKR0wtLT4+TTogUmV0dXJuIGNvdW50Ck0tPj5HVDogQ2FsbCBmdF9nZXRfc3BsaXR0aW1lcyhzdHIsIGMpCkdULS0+Pk06IFJldHVybiBlbGVtCk0tPj5GQTogQ2FsbCBmdF9mcmVlX2FycmF5KHJlc3VsdCkKRkEtLT4+TTogUmV0dXJuIE5VTEwKbG9vcCBSZXN1bHQgaXRlcmF0aW9uCk0tPj5TOiBDYWxsIGZ0X3N0cmxlbihzdHIpClMtLT4+TTogUmV0dXJuIHNpemUKTS0+PlM6IENhbGwgZnRfc3RybGVuKHN0cikKUy0tPj5NOiBSZXR1cm4gc2l6ZQpNLT4+TTI6IENhbGwgZnRfbWVtY3B5KHJlc3VsdCwgc3RyICsgc3RhcnQsIHNpemUpCk0yLS0+Pk06IFJldHVybiByZXN1bHQKTS0+Pk1WOiBDYWxsIGZ0X21vdmVfc3BsaXRzdGFydChzdHIsIGMpCk1WLS0+Pk06IFJldHVybiBjb3VudApNLT4+R0w6IENhbGwgZnRfZ2V0X3NwbGl0bGVuKHN0ciwgYykKR0wtLT4+TTogUmV0dXJuIGNvdW50Ck0tPj5TMjogQ2FsbCBmdF9zdWJzdHIoc3RyLCAwLCBzcGxpdF9sZW4pClMyLS0+Pk06IFJldHVybiByZXN1bHQKTS0+Pk1WOiBDYWxsIGZ0X21vdmVfc3BsaXRzdGFydChzdHIsIGMpCk1WLS0+Pk06IFJldHVybiBjb3VudApNLT4+R0w6IENhbGwgZnRfZ2V0X3NwbGl0bGVuKHN0ciwgYykKR0wtLT4+TTogUmV0dXJuIGNvdW50CmVuZApNLT4+RkE6IENhbGwgZnRfZnJlZV9hcnJheShyZXN1bHQpCkZBLS0+Pk06IFJldHVybiBOVUxMCk0tPj5TOiBDYWxsIGZ0X3N0cmxlbihzdHIpClMtLT4+TTogUmV0dXJuIHNpemU=
A7: 1 | B7: 558 | C7: 1725 | D7: 2283 | E7: sequenceDiagram participant M as main() participant FS as ft_strlen() participant FM as ft_memcpy() participant FSU as ft_substr() participant FMS as ft_move_splitstart() participant FGSL as ft_get_splitlen() participant FGST as ft_get_splittimes() M->>FSU: Call ft_substr(str,0,0) note over FSU: size = ft_strlen(str) alt if size > start note over FSU: size = size - start else Otherwise note over FSU: size = 0 end alt if size > len note over FSU: size = len else Otherwise note over FSU: size = size end FSU->>FM: Call ft_memcpy(result,str + start,size) loop for i from 0 to size FM->>FM: Copy str[i] to result[i] end FM-->>FSU: return result SM->>FMS: Call ft_move_splitstart(str,'|') SM->>FGSL: Call ft_get_splitlen(str,'|') M->>FGST: Call ft_get_splittimes(str,'|') FGST->>FMS: Call ft_move_splitstart(str,'|') FGST->>FGSL: Call ft_get_splitlen(str,'|') FGST-->>FGST: Increment elem FGST->>FMS: Call ft_move_splitstart(str,'|') FGST->>FGSL: Call ft_get_splitlen(str,'|') FGST-->>FGST: Increment elem FGST->>FMS: Call ft_move_splitstart(str,'|') FGST-->>M: return elem M->>FM: Call ft_free_array(result) alt if !str M-->>M: return NULL else Otherwise M->>FM: Call ft_free_array(result) FM->>FM: Loop through all elements of result[] FM->>FM: Free the memory FM-->>M: return NULL end M->>FM: Call ft_free_array(result) FM->>FM: Loop through all elements of result[] FM->>FM: Free the memory FM-->>M: return NULL | F7: https://mermaid.ink/img/JSV7aW5pdDp7J3RoZW1lJzonZm9yZXN0J319JSUKc2VxdWVuY2VEaWFncmFtCiAgICBwYXJ0aWNpcGFudCBNIGFzIG1haW4oKQogICAgcGFydGljaXBhbnQgRlMgYXMgZnRfc3RybGVuKCkKICAgIHBhcnRpY2lwYW50IEZNIGFzIGZ0X21lbWNweSgpCiAgICBwYXJ0aWNpcGFudCBGU1UgYXMgZnRfc3Vic3RyKCkKICAgIHBhcnRpY2lwYW50IEZNUyBhcyBmdF9tb3ZlX3NwbGl0c3RhcnQoKQogICAgcGFydGljaXBhbnQgRkdTTCBhcyBmdF9nZXRfc3BsaXRsZW4oKQogICAgcGFydGljaXBhbnQgRkdTVCBhcyBmdF9nZXRfc3BsaXR0aW1lcygpCiAgICBNLT4+RlNVOiBDYWxsIGZ0X3N1YnN0cihzdHIsMCwwKQogICAgbm90ZSBvdmVyIEZTVTogc2l6ZSA9IGZ0X3N0cmxlbihzdHIpCiAgICBhbHQgaWYgc2l6ZSA+IHN0YXJ0CiAgICBub3RlIG92ZXIgRlNVOiBzaXplID0gc2l6ZSAtIHN0YXJ0CiAgICBlbHNlIE90aGVyd2lzZQogICAgbm90ZSBvdmVyIEZTVTogc2l6ZSA9IDAKICAgIGVuZAogICAgYWx0IGlmIHNpemUgPiBsZW4KICAgIG5vdGUgb3ZlciBGU1U6IHNpemUgPSBsZW4KICAgIGVsc2UgT3RoZXJ3aXNlCiAgICBub3RlIG92ZXIgRlNVOiBzaXplID0gc2l6ZQogICAgZW5kCiAgICBGU1UtPj5GTTogQ2FsbCBmdF9tZW1jcHkocmVzdWx0LHN0ciArIHN0YXJ0LHNpemUpCiAgICBsb29wIGZvciBpIGZyb20gMCB0byBzaXplCiAgICAgICAgRk0tPj5GTTogQ29weSBzdHJbaV0gdG8gcmVzdWx0W2ldCiAgICBlbmQKICAgIEZNLS0+PkZTVTogcmV0dXJuIHJlc3VsdAogICAgU00tPj5GTVM6IENhbGwgZnRfbW92ZV9zcGxpdHN0YXJ0KHN0ciwnfCcpCiAgICBTTS0+PkZHU0w6IENhbGwgZnRfZ2V0X3NwbGl0bGVuKHN0ciwnfCcpCiAgICBNLT4+RkdTVDogQ2FsbCBmdF9nZXRfc3BsaXR0aW1lcyhzdHIsJ3wnKQogICAgRkdTVC0+PkZNUzogQ2FsbCBmdF9tb3ZlX3NwbGl0c3RhcnQoc3RyLCd8JykKICAgIEZHU1QtPj5GR1NMOiBDYWxsIGZ0X2dldF9zcGxpdGxlbihzdHIsJ3wnKQogICAgRkdTVC0tPj5GR1NUOiBJbmNyZW1lbnQgZWxlbQogICAgRkdTVC0+PkZNUzogQ2FsbCBmdF9tb3ZlX3NwbGl0c3RhcnQoc3RyLCd8JykKICAgIEZHU1QtPj5GR1NMOiBDYWxsIGZ0X2dldF9zcGxpdGxlbihzdHIsJ3wnKQogICAgRkdTVC0tPj5GR1NUOiBJbmNyZW1lbnQgZWxlbQogICAgRkdTVC0+PkZNUzogQ2FsbCBmdF9tb3ZlX3NwbGl0c3RhcnQoc3RyLCd8JykKICAgIEZHU1QtLT4+TTogcmV0dXJuIGVsZW0KICAgIE0tPj5GTTogQ2FsbCBmdF9mcmVlX2FycmF5KHJlc3VsdCkKICAgIGFsdCBpZiAhc3RyCiAgICBNLS0+Pk06IHJldHVybiBOVUxMCiAgICBlbHNlIE90aGVyd2lzZQogICAgTS0+PkZNOiBDYWxsIGZ0X2ZyZWVfYXJyYXkocmVzdWx0KQogICAgRk0tPj5GTTogTG9vcCB0aHJvdWdoIGFsbCBlbGVtZW50cyBvZiByZXN1bHRbXQogICAgRk0tPj5GTTogRnJlZSB0aGUgbWVtb3J5CiAgICBGTS0tPj5NOiByZXR1cm4gTlVMTAogICAgZW5kCiAgICBNLT4+Rk06IENhbGwgZnRfZnJlZV9hcnJheShyZXN1bHQpCiAgICBGTS0+PkZNOiBMb29wIHRocm91Z2ggYWxsIGVsZW1lbnRzIG9mIHJlc3VsdFtdCiAgICBGTS0+PkZNOiBGcmVlIHRoZSBtZW1vcnkKICAgIEZNLS0+Pk06IHJldHVybiBOVUxM
A8: 1 | B8: 780 | C8: 1725 | D8: 2505 | E8: sequenceDiagram participant M as main() participant FSL as ft_strlen() participant FM as ft_memcpy() participant FS as ft_substr() participant FMS as ft_move_splitstart() participant FGS as ft_get_splitlen() participant FGT as ft_get_splittimes() participant FFA as ft_free_array() M->>FS: call ft_split(str, c) alt if str is NULL FS-->>M: Return NULL else otherwise FGT->>FS: call ft_get_splittimes loop for each split part FS->>FMS: call ft_move_splitstart FMS->>FGS: call ft_get_splitlen FGS->>FS: Use ft_substr to get split part alt if ft_substr fails note over FS: free the memory and return NULL else otherwise FS->>FS: increment result_i end end FFA-->>FS: free the memory FS-->>M: Return result end | F8: https://mermaid.ink/img/JSV7aW5pdDp7J3RoZW1lJzonZm9yZXN0J319JSUKc2VxdWVuY2VEaWFncmFtCnBhcnRpY2lwYW50IE0gYXMgbWFpbigpCnBhcnRpY2lwYW50IEZTTCBhcyBmdF9zdHJsZW4oKQpwYXJ0aWNpcGFudCBGTSBhcyBmdF9tZW1jcHkoKQpwYXJ0aWNpcGFudCBGUyBhcyBmdF9zdWJzdHIoKQpwYXJ0aWNpcGFudCBGTVMgYXMgZnRfbW92ZV9zcGxpdHN0YXJ0KCkKcGFydGljaXBhbnQgRkdTIGFzIGZ0X2dldF9zcGxpdGxlbigpCnBhcnRpY2lwYW50IEZHVCBhcyBmdF9nZXRfc3BsaXR0aW1lcygpCnBhcnRpY2lwYW50IEZGQSBhcyBmdF9mcmVlX2FycmF5KCkKTS0+PkZTOiBjYWxsIGZ0X3NwbGl0KHN0ciwgYykKYWx0IGlmIHN0ciBpcyBOVUxMCiAgICBGUy0tPj5NOiBSZXR1cm4gTlVMTAplbHNlIG90aGVyd2lzZQogICAgRkdULT4+RlM6IGNhbGwgZnRfZ2V0X3NwbGl0dGltZXMKICAgIGxvb3AgZm9yIGVhY2ggc3BsaXQgcGFydAogICAgICAgIEZTLT4+Rk1TOiBjYWxsIGZ0X21vdmVfc3BsaXRzdGFydAogICAgICAgIEZNUy0+PkZHUzogY2FsbCBmdF9nZXRfc3BsaXRsZW4KICAgICAgICBGR1MtPj5GUzogVXNlIGZ0X3N1YnN0ciB0byBnZXQgc3BsaXQgcGFydAogICAgICAgIGFsdCBpZiBmdF9zdWJzdHIgZmFpbHMKICAgICAgICAgICAgbm90ZSBvdmVyIEZTOiBmcmVlIHRoZSBtZW1vcnkgYW5kIHJldHVybiBOVUxMCiAgICAgICAgZWxzZSBvdGhlcndpc2UKICAgICAgICAgICAgRlMtPj5GUzogaW5jcmVtZW50IHJlc3VsdF9pCiAgICAgICAgZW5kCiAgICBlbmQKICAgIEZGQS0tPj5GUzogZnJlZSB0aGUgbWVtb3J5CiAgICBGUy0tPj5NOiBSZXR1cm4gcmVzdWx0CmVuZA==
A9: 1 | B9: 332 | C9: 1725 | D9: 2057 | E9: sequenceDiagram participant M as main() participant FS as ft_strlen() participant FM as ft_memcpy() participant FSU as ft_substr() participant FMSS as ft_move_splitstart() participant FGSL as ft_get_splitlen() participant FGST as ft_get_splittimes() participant FFA as ft_free_array() M->>FS: call ft_strlen(str) alt size <= start M->>FM: return NULL else size M->>FM: call ft_memcpy() FM-->>M: return (result) end alt size > len M->>FM: size = len else M->>FM: call ft_memcpy() FM-->>M: return (result) end M->>FSU: call ft_substr(str, start, size) note over FSU: initialize result = malloc(sizeof(char) * (size + 1)) alt result FSU->>FM: call ft_memcpy( FM-->>FSU: return NULL else result FSU->>FM: call ft_memcpy() FM-->>FSU: return (result) end M->>FMSS: call ft_move_splitstart(str, c) M->>FGSL: call ft_get_splitlen(str, c) M->>FGST: call ft_get_splittimes(str, c) M->>FFA: call ft_free_array(result) | F9: https://mermaid.ink/img/JSV7aW5pdDp7J3RoZW1lJzonZm9yZXN0J319JSUKc2VxdWVuY2VEaWFncmFtCnBhcnRpY2lwYW50IE0gYXMgbWFpbigpCnBhcnRpY2lwYW50IEZTIGFzIGZ0X3N0cmxlbigpCnBhcnRpY2lwYW50IEZNIGFzIGZ0X21lbWNweSgpCnBhcnRpY2lwYW50IEZTVSBhcyBmdF9zdWJzdHIoKQpwYXJ0aWNpcGFudCBGTVNTIGFzIGZ0X21vdmVfc3BsaXRzdGFydCgpCnBhcnRpY2lwYW50IEZHU0wgYXMgZnRfZ2V0X3NwbGl0bGVuKCkKcGFydGljaXBhbnQgRkdTVCBhcyBmdF9nZXRfc3BsaXR0aW1lcygpCnBhcnRpY2lwYW50IEZGQSBhcyBmdF9mcmVlX2FycmF5KCkKTS0+PkZTOiBjYWxsIGZ0X3N0cmxlbihzdHIpCmFsdCBzaXplIDw9IHN0YXJ0CglNLT4+Rk06IHJldHVybiBOVUxMCmVsc2Ugc2l6ZQoJTS0+PkZNOiBjYWxsIGZ0X21lbWNweSgpCglGTS0tPj5NOiByZXR1cm4gKHJlc3VsdCkKZW5kCmFsdCBzaXplID4gbGVuCglNLT4+Rk06IHNpemUgPSBsZW4KZWxzZQoJTS0+PkZNOiBjYWxsIGZ0X21lbWNweSgpCglGTS0tPj5NOiByZXR1cm4gKHJlc3VsdCkKZW5kCk0tPj5GU1U6IGNhbGwgZnRfc3Vic3RyKHN0ciwgc3RhcnQsIHNpemUpCm5vdGUgb3ZlciBGU1U6IGluaXRpYWxpemUgcmVzdWx0ID0gbWFsbG9jKHNpemVvZihjaGFyKSAqIChzaXplICsgMSkpCmFsdCByZXN1bHQKCUZTVS0+PkZNOiBjYWxsIGZ0X21lbWNweSgKCUZNLS0+PkZTVTogcmV0dXJuIE5VTEwKZWxzZSByZXN1bHQKCUZTVS0+PkZNOiBjYWxsIGZ0X21lbWNweSgpCglGTS0tPj5GU1U6IHJldHVybiAocmVzdWx0KQplbmQKTS0+PkZNU1M6IGNhbGwgZnRfbW92ZV9zcGxpdHN0YXJ0KHN0ciwgYykKTS0+PkZHU0w6IGNhbGwgZnRfZ2V0X3NwbGl0bGVuKHN0ciwgYykKTS0+PkZHU1Q6IGNhbGwgZnRfZ2V0X3NwbGl0dGltZXMoc3RyLCBjKQpNLT4+RkZBOiBjYWxsIGZ0X2ZyZWVfYXJyYXkocmVzdWx0KQ==
A10: 0 | B10: 626 | C10: 1725 | D10: 2351 | E10: sequenceDiagram participant M as main() participant FPS as ft_strlen() participant FPM as ft_memcpy() participant FSS as ft_substr() participant FMSS as ft_move_splitstart() participant FGSL as ft_get_splitlen() participant FGST as ft_get_splittimes() participant FFA as ft_free_array() M->>FMSS: Call ft_move_splitstart() alt str[count] == c FMSS->>FMSS: count++ else Otherwise FMSS-->>M: return count end M->>FGSL: Call ft_get_splitlen() alt str[count] != c FGSL->>FGSL: count++ else Otherwise FGSL-->>M: return count end M->>FGST: Call ft_get_splittimes() alt *str != '\0' loop FGST->>FMSS: Call ft_move_splitstart() FGST->>FGSL: Call ft_get_splitlen() alt *str == '\0' FGST-->>M: break else Otherwise FGST-->>M: elem++ end end M->>FFA: Call ft_free_array() FFA->>FFA: i++ alt result[i] FFA->>FFA: free(result[i]) else Otherwise FFA-->>FFA: NULL FFA->>FFA: free(result) FFA-->>M: NULL end M->>FPS: Call ft_strlen() loop alt str[i] != '\0' FPS->>FPS: i++ else Otherwise FPS-->>M: return i end M->>FPM: Call ft_memcpy() alt dst == src FPM-->>M: dst else Otherwise FPM->>FPM: *ptr++ = *(unsigned char *)src++ FPM-->>M: dst end M->>FSS: Call ft_substr() alt !str FSS-->>M: NULL else size <= start FSS-->>M: result else Otherwise FSS->>FPM: Call ft_memcpy() FPM-->>FSS: Call ft_memcpy() FSS-->>M: result end M->>FTS: Call ft_split(str, c) alt !str FTS-->>M: NULL FTS->>FTS: result else result_i < split_count alt !result[result_i] FTS-->>FTS: return ft_free_array(result) else FTS->>FSS: Call ft_substr() FSS-->>FTS: result end end FTS-->>M: result M->>O: Loop through and print result O-->>M: Print the result | F10: N/A
A11: 0 | B11: 318 | C11: 1725 | D11: 2043 | E11: sequenceDiagram participant M as main() participant FSL as ft_strlen() participant FMC as ft_memcpy() participant FSU as ft_substr() participant FMSS as ft_move_splitstart() participant FGSL as ft_get_splitlen() participant FGS as ft_get_splittimes() participant FFA as ft_free_array() M->>FSU: call ft_split(str, '|') alt str is NULL FSU-->>M: Return NULL else Otherwise M->>FGS: Call ft_get_splittimes(str, '|') alt str is NULL FGS-->>M: Return 0 (split_count) else Otherwise note over M,FSU: Allocate memory for result array loop start M->>FMSS: Call ft_move_splitstart(str, '|') FMSS-->>M: Return move count M->>FGSL: Call ft_get_splitlen(str, '|') FGSL-->>M: Return split length M->>FSU: Call ft_substr(str, 0, split_len) alt result is NULL FSU-->>M: Return NULL else Otherwise M->>FSU: Increment result_i end end M->>FMSS: Call ft_move_splitstart(str, '|') FMSS-->>M: Return move count M->>FSU: Return result array end | F11: N/A
A12: 1 | B12: 402 | C12: 1725 | D12: 2127 | E12: sequenceDiagram participant M as main() participant FST as ft_strlen() participant FMC as ft_memcpy() participant FSUB as ft_substr() participant FMS as ft_move_splitstart() participant FGS as ft_get_splitlen() participant FGT as ft_get_splittimes() participant FFA as ft_free_array() M->>FSUB: Call ft_substr(str, 0, split_len) FSUB->>FST: Call ft_strlen(str) FST-->>FSUB: Return size alt size <= start note over FSUB: size = 0 else size > start note over FSUB: size = size - start alt size > len note over FSUB: size = len else size <= len note over FSUB: No change in size end FSUB->>FMC: Call ft_memcpy(result, str + start, size) FMC-->>FSUB: Copy characters end M->>FGT: Call ft_get_splittimes(str, c) FGT->>FMS: Call ft_move_splitstart(str, c) M->>FS: Call ft_split(str, c) loop result_i < split_count M->>FS: Call ft_split(str, c) alt !result[results_i] FS-->>M: Return NULL else result[results_i] note over FS: Move to next split_start FS->>FGS: Call ft_get_splitlen(str, c) FS-->>FS: Move to next split FS->>FSUB: Call ft_substr(str, 0, split_len) FS->>FFA: Call ft_free_array(result) end end | F12: https://mermaid.ink/img/JSV7aW5pdDp7J3RoZW1lJzonZm9yZXN0J319JSUKc2VxdWVuY2VEaWFncmFtCnBhcnRpY2lwYW50IE0gYXMgbWFpbigpCnBhcnRpY2lwYW50IEZTVCBhcyBmdF9zdHJsZW4oKQpwYXJ0aWNpcGFudCBGTUMgYXMgZnRfbWVtY3B5KCkKcGFydGljaXBhbnQgRlNVQiBhcyBmdF9zdWJzdHIoKQpwYXJ0aWNpcGFudCBGTVMgYXMgZnRfbW92ZV9zcGxpdHN0YXJ0KCkKcGFydGljaXBhbnQgRkdTIGFzIGZ0X2dldF9zcGxpdGxlbigpCnBhcnRpY2lwYW50IEZHVCBhcyBmdF9nZXRfc3BsaXR0aW1lcygpCnBhcnRpY2lwYW50IEZGQSBhcyBmdF9mcmVlX2FycmF5KCkKTS0+PkZTVUI6IENhbGwgZnRfc3Vic3RyKHN0ciwgMCwgc3BsaXRfbGVuKQpGU1VCLT4+RlNUOiBDYWxsIGZ0X3N0cmxlbihzdHIpCkZTVC0tPj5GU1VCOiBSZXR1cm4gc2l6ZQphbHQgc2l6ZSA8PSBzdGFydAogICAgbm90ZSBvdmVyIEZTVUI6IHNpemUgPSAwCmVsc2Ugc2l6ZSA+IHN0YXJ0CiAgICBub3RlIG92ZXIgRlNVQjogc2l6ZSA9IHNpemUgLSBzdGFydAogICAgYWx0IHNpemUgPiBsZW4KICAgICAgICBub3RlIG92ZXIgRlNVQjogc2l6ZSA9IGxlbgogICAgZWxzZSBzaXplIDw9IGxlbgogICAgICAgIG5vdGUgb3ZlciBGU1VCOiBObyBjaGFuZ2UgaW4gc2l6ZQogICAgZW5kCiAgICBGU1VCLT4+Rk1DOiBDYWxsIGZ0X21lbWNweShyZXN1bHQsIHN0ciArIHN0YXJ0LCBzaXplKQogICAgRk1DLS0+PkZTVUI6IENvcHkgY2hhcmFjdGVycwplbmQKTS0+PkZHVDogQ2FsbCBmdF9nZXRfc3BsaXR0aW1lcyhzdHIsIGMpCkZHVC0+PkZNUzogQ2FsbCBmdF9tb3ZlX3NwbGl0c3RhcnQoc3RyLCBjKQpNLT4+RlM6IENhbGwgZnRfc3BsaXQoc3RyLCBjKQpsb29wIHJlc3VsdF9pIDwgc3BsaXRfY291bnQKICAgIE0tPj5GUzogQ2FsbCBmdF9zcGxpdChzdHIsIGMpCiAgICBhbHQgIXJlc3VsdFtyZXN1bHRzX2ldCiAgICAgICAgRlMtLT4+TTogUmV0dXJuIE5VTEwKICAgIGVsc2UgcmVzdWx0W3Jlc3VsdHNfaV0KICAgICAgICBub3RlIG92ZXIgRlM6IE1vdmUgdG8gbmV4dCBzcGxpdF9zdGFydAogICAgICAgIEZTLT4+RkdTOiBDYWxsIGZ0X2dldF9zcGxpdGxlbihzdHIsIGMpCiAgICAgICAgRlMtLT4+RlM6IE1vdmUgdG8gbmV4dCBzcGxpdAogICAgICAgIEZTLT4+RlNVQjogQ2FsbCBmdF9zdWJzdHIoc3RyLCAwLCBzcGxpdF9sZW4pCiAgICAgICAgRlMtPj5GRkE6IENhbGwgZnRfZnJlZV9hcnJheShyZXN1bHQpCiAgICBlbmQKZW5k
A13: 0 | B13: 276 | C13: 1725 | D13: 2001 | E13: sequenceDiagram participant M as main() participant FS as ft_strlen() participant FM as ft_memcpy() participant FSB as ft_subst() participant FMS as ft_move_splitstart() participant FGS as ft_get_splitlen() participant FGST as ft_get_splittimes() participant FA as ft_free_array() M->>FA: call ft_split("split ||this|for|me|||||!|", '|') alt if !str FA-->>M: return NULL alt if result_i < split_count loop until result_i < split_count alt if !result[result_i] FA-->>M: return ft_free_array(result) end M->>FSMS: call ft_move_splitstart(str, c) M->>FGS: call ft_get_splitlen(str, c) M->>FSB: call ft_substr(str, 0, split_len) FSB-->>M: return result[result_i] M->>result[i]: printf("%s\n", result[i]) result->>FSB: free result[i] FSB->>FSB: increment i end | F13: N/A
... A33: 1 | B33: 444 | C33: 1725 | D33: 2169 | E33: sequenceDiagram participant M as main() participant FS as ft_strlen() participant FM as ft_memcpy() participant FSU as ft_substr() participant FMSS as ft_move_splitstart() participant FGSL as ft_get_splitlen() participant FGST as ft_get_splittimes() participant FFA as ft_free_array() M->>FS: Call ft_strlen(str) alt size <= start FS-->>M: Return 0 else size > start alt size <= len FSU->>+FM: Call ft_memcpy(result, str + start, size) FM-->>FSU: Return dst note right of FSU: *(result + size) = '\0' FSU-->>M: Return result else size > len FSU->>+FM: Call ft_memcpy(result, str + start, len) FM-->>FSU: Return dst note right of FSU: *(result + len) = '\0' FSU-->>M: Return result end end M->>FGSL: Call ft_get_splitlen(str, c) M->>FGST: Call ft_get_splittimes(str, c) alt result_i < split_count FGST->>FMSS: Call ft_move_splitstart(str, c) FMSS-->>FGST: Return count FGST->>FGSL: Call ft_get_splitlen(str, c) FGSL-->>FGST: Return count FGST->>FSU: Call ft_substr(str, 0, split_len) alt result[result_i] == NULL note left of FGST: Call ft_free_array(result) FGST-->>FFA: Return NULL else result[result_i] != NULL FGST-->>M: Return result end end M->>FFA: Call ft_free_array(result) FFA-->>M: Return NULL M->>PF: Print result[i] PF-->>M: loop until result[i] is NULL | F33: https://mermaid.ink/img/JSV7aW5pdDp7J3RoZW1lJzonZm9yZXN0J319JSUKc2VxdWVuY2VEaWFncmFtCnBhcnRpY2lwYW50IE0gYXMgbWFpbigpCnBhcnRpY2lwYW50IEZTIGFzIGZ0X3N0cmxlbigpCnBhcnRpY2lwYW50IEZNIGFzIGZ0X21lbWNweSgpCnBhcnRpY2lwYW50IEZTVSBhcyBmdF9zdWJzdHIoKQpwYXJ0aWNpcGFudCBGTVNTIGFzIGZ0X21vdmVfc3BsaXRzdGFydCgpCnBhcnRpY2lwYW50IEZHU0wgYXMgZnRfZ2V0X3NwbGl0bGVuKCkKcGFydGljaXBhbnQgRkdTVCBhcyBmdF9nZXRfc3BsaXR0aW1lcygpCnBhcnRpY2lwYW50IEZGQSBhcyBmdF9mcmVlX2FycmF5KCkKTS0+PkZTOiBDYWxsIGZ0X3N0cmxlbihzdHIpCmFsdCBzaXplIDw9IHN0YXJ0CkZTLS0+Pk06IFJldHVybiAwCmVsc2Ugc2l6ZSA+IHN0YXJ0CmFsdCBzaXplIDw9IGxlbgpGU1UtPj4rRk06IENhbGwgZnRfbWVtY3B5KHJlc3VsdCwgc3RyICsgc3RhcnQsIHNpemUpCkZNLS0+PkZTVTogUmV0dXJuIGRzdApub3RlIHJpZ2h0IG9mIEZTVTogKihyZXN1bHQgKyBzaXplKSA9ICdcMCcKRlNVLS0+Pk06IFJldHVybiByZXN1bHQKZWxzZSBzaXplID4gbGVuCkZTVS0+PitGTTogQ2FsbCBmdF9tZW1jcHkocmVzdWx0LCBzdHIgKyBzdGFydCwgbGVuKQpGTS0tPj5GU1U6IFJldHVybiBkc3QKbm90ZSByaWdodCBvZiBGU1U6ICoocmVzdWx0ICsgbGVuKSA9ICdcMCcKRlNVLS0+Pk06IFJldHVybiByZXN1bHQKZW5kCmVuZApNLT4+RkdTTDogQ2FsbCBmdF9nZXRfc3BsaXRsZW4oc3RyLCBjKQpNLT4+RkdTVDogQ2FsbCBmdF9nZXRfc3BsaXR0aW1lcyhzdHIsIGMpCmFsdCByZXN1bHRfaSA8IHNwbGl0X2NvdW50CkZHU1QtPj5GTVNTOiBDYWxsIGZ0X21vdmVfc3BsaXRzdGFydChzdHIsIGMpCkZNU1MtLT4+RkdTVDogUmV0dXJuIGNvdW50CkZHU1QtPj5GR1NMOiBDYWxsIGZ0X2dldF9zcGxpdGxlbihzdHIsIGMpCkZHU0wtLT4+RkdTVDogUmV0dXJuIGNvdW50CkZHU1QtPj5GU1U6IENhbGwgZnRfc3Vic3RyKHN0ciwgMCwgc3BsaXRfbGVuKQphbHQgcmVzdWx0W3Jlc3VsdF9pXSA9PSBOVUxMCm5vdGUgbGVmdCBvZiBGR1NUOiBDYWxsIGZ0X2ZyZWVfYXJyYXkocmVzdWx0KQpGR1NULS0+PkZGQTogUmV0dXJuIE5VTEwKZWxzZSByZXN1bHRbcmVzdWx0X2ldICE9IE5VTEwKRkdTVC0tPj5NOiBSZXR1cm4gcmVzdWx0CmVuZAplbmQKTS0+PkZGQTogQ2FsbCBmdF9mcmVlX2FycmF5KHJlc3VsdCkKRkZBLS0+Pk06IFJldHVybiBOVUxMCk0tPj5QRjogUHJpbnQgcmVzdWx0W2ldClBGLS0+Pk06IGxvb3AgdW50aWwgcmVzdWx0W2ldIGlzIE5VTEw=
A34: 0 | B34: 306 | C34: 1725 | D34: 2031 | F34: N/A
A35: 1 | B35: 288 | C35: 1725 | D35: 2013 | E35: sequenceDiagram participant M as main() participant S as ft_strlen() participant M2 as ft_memcpy() participant S2 as ft_substr() participant FSS as ft_move_splitstart() participant FGSL as ft_get_splitlen() participant FGST as ft_get_splittimes() participant FFA as ft_free_array() M->>S: Call ft_strlen(str) S-->>M: Return size M->>M2: Call ft_memcpy(result, str + start, size) M2-->>M: Return result M->>S2: Call ft_substr(str, 0, split_len) S2-->>M: Return result M->>FSS: Call ft_move_splitstart(str, c) FSS-->>M: Return count M->>FGSL: Call ft_get_splitlen(str, c) FGSL-->>M: Return count M->>FGST: Call ft_get_splittimes(str, c) FGST-->>M: Return elem M->>FFA: Call ft_free_array(result) FFA-->>M: Return NULL M->>stdout: split\nthis\nfor\nme\n!\n stdout-->>M: Print the result | F35: https://mermaid.ink/img/JSV7aW5pdDp7J3RoZW1lJzonZm9yZXN0J319JSUKc2VxdWVuY2VEaWFncmFtCnBhcnRpY2lwYW50IE0gYXMgbWFpbigpCnBhcnRpY2lwYW50IFMgYXMgZnRfc3RybGVuKCkKcGFydGljaXBhbnQgTTIgYXMgZnRfbWVtY3B5KCkKcGFydGljaXBhbnQgUzIgYXMgZnRfc3Vic3RyKCkKcGFydGljaXBhbnQgRlNTIGFzIGZ0X21vdmVfc3BsaXRzdGFydCgpCnBhcnRpY2lwYW50IEZHU0wgYXMgZnRfZ2V0X3NwbGl0bGVuKCkKcGFydGljaXBhbnQgRkdTVCBhcyBmdF9nZXRfc3BsaXR0aW1lcygpCnBhcnRpY2lwYW50IEZGQSBhcyBmdF9mcmVlX2FycmF5KCkKTS0+PlM6IENhbGwgZnRfc3RybGVuKHN0cikKUy0tPj5NOiBSZXR1cm4gc2l6ZQpNLT4+TTI6IENhbGwgZnRfbWVtY3B5KHJlc3VsdCwgc3RyICsgc3RhcnQsIHNpemUpCk0yLS0+Pk06IFJldHVybiByZXN1bHQKTS0+PlMyOiBDYWxsIGZ0X3N1YnN0cihzdHIsIDAsIHNwbGl0X2xlbikKUzItLT4+TTogUmV0dXJuIHJlc3VsdApNLT4+RlNTOiBDYWxsIGZ0X21vdmVfc3BsaXRzdGFydChzdHIsIGMpCkZTUy0tPj5NOiBSZXR1cm4gY291bnQKTS0+PkZHU0w6IENhbGwgZnRfZ2V0X3NwbGl0bGVuKHN0ciwgYykKRkdTTC0tPj5NOiBSZXR1cm4gY291bnQKTS0+PkZHU1Q6IENhbGwgZnRfZ2V0X3NwbGl0dGltZXMoc3RyLCBjKQpGR1NULS0+Pk06IFJldHVybiBlbGVtCk0tPj5GRkE6IENhbGwgZnRfZnJlZV9hcnJheShyZXN1bHQpCkZGQS0tPj5NOiBSZXR1cm4gTlVMTApNLT4+c3Rkb3V0OiBzcGxpdFxudGhpc1xuZm9yXG5tZVxuIVxuCnN0ZG91dC0tPj5NOiBQcmludCB0aGUgcmVzdWx0
A36: 0 | B36: 330 | C36: 1725 | D36: 2055 | E36: sequenceDiagram participant M as main() participant FS as ft_strlen() participant FM as ft_memcpy() participant FST as ft_substr() participant FMS as ft_move_splitstart() participant FGSL as ft_get_splitlen() participant FGST as ft_get_splittimes() participant FFA as ft_free_array() M->>ft_split: Call ft_split(str, '|') ft_split->>FGST: Call ft_get_splittimes(str, '|') alt split_count > 0 FGST->>FMV: Return split_count else split_count = 0 FGST->>ft_split: Return NULL end ft_split->>malloc: Allocate memory for result malloc-->>ft_split: result result_i = 0 loop result_i < split_count alt !str ft_split-->>M: Return NULL else str+= ft_move_splitstart(str, '|') split_len = ft_get_splitlen(str, '|') alt !ft_substr(str, 0, split_len) ft_split-->>FFA: Return NULL else result[result_i] = ft_substr(str, 0, split_len) str+= split_len result_i++ end end result[result_i] = NULL ft_split-->>M: Return result M->>printf: Print the result printf-->>M: split this for me ! | F36: N/A
A37: 1 | B37: 300 | C37: 1725 | D37: 2025 | E37: sequenceDiagram participant M as main() participant FS as ft_strlen() participant FM as ft_memcpy() participant FSU as ft_substr() participant FMS as ft_move_splitstart() participant FGSL as ft_get_splitlen() participant FGST as ft_get_splittimes() participant FFA as ft_free_array() M->>FS: Call ft_strlen(str) alt if str is NULL FS-->>M: Return NULL else Otherwise FS-->>M: Return length of str end M->>FM: Call ft_memcpy(result, str + start, size) M->>FSU: Call ft_substr(str, 0, split_len) alt if str is NULL FSU-->>M: Return NULL else if result is NULL FSU-->>M: Return NULL else Otherwise FSU-->>M: Return result end M->>FMS: Call ft_move_splitstart(str, c) M->>FGSL: Call ft_get_splitlen(str, c) M->>FGST: Call ft_get_splittimes(str, c) M->>FFA: Call ft_free_array(result) alt if result is NULL FFA-->>M: Return NULL else Otherwise FFA-->>M: Free result array and return NULL end | F37: https://mermaid.ink/img/JSV7aW5pdDp7J3RoZW1lJzonZm9yZXN0J319JSUKc2VxdWVuY2VEaWFncmFtCnBhcnRpY2lwYW50IE0gYXMgbWFpbigpCnBhcnRpY2lwYW50IEZTIGFzIGZ0X3N0cmxlbigpCnBhcnRpY2lwYW50IEZNIGFzIGZ0X21lbWNweSgpCnBhcnRpY2lwYW50IEZTVSBhcyBmdF9zdWJzdHIoKQpwYXJ0aWNpcGFudCBGTVMgYXMgZnRfbW92ZV9zcGxpdHN0YXJ0KCkKcGFydGljaXBhbnQgRkdTTCBhcyBmdF9nZXRfc3BsaXRsZW4oKQpwYXJ0aWNpcGFudCBGR1NUIGFzIGZ0X2dldF9zcGxpdHRpbWVzKCkKcGFydGljaXBhbnQgRkZBIGFzIGZ0X2ZyZWVfYXJyYXkoKQpNLT4+RlM6IENhbGwgZnRfc3RybGVuKHN0cikKYWx0IGlmIHN0ciBpcyBOVUxMCkZTLS0+Pk06IFJldHVybiBOVUxMCmVsc2UgT3RoZXJ3aXNlCkZTLS0+Pk06IFJldHVybiBsZW5ndGggb2Ygc3RyCmVuZApNLT4+Rk06IENhbGwgZnRfbWVtY3B5KHJlc3VsdCwgc3RyICsgc3RhcnQsIHNpemUpCk0tPj5GU1U6IENhbGwgZnRfc3Vic3RyKHN0ciwgMCwgc3BsaXRfbGVuKQphbHQgaWYgc3RyIGlzIE5VTEwKRlNVLS0+Pk06IFJldHVybiBOVUxMCmVsc2UgaWYgcmVzdWx0IGlzIE5VTEwKRlNVLS0+Pk06IFJldHVybiBOVUxMCmVsc2UgT3RoZXJ3aXNlCkZTVS0tPj5NOiBSZXR1cm4gcmVzdWx0CmVuZApNLT4+Rk1TOiBDYWxsIGZ0X21vdmVfc3BsaXRzdGFydChzdHIsIGMpCk0tPj5GR1NMOiBDYWxsIGZ0X2dldF9zcGxpdGxlbihzdHIsIGMpCk0tPj5GR1NUOiBDYWxsIGZ0X2dldF9zcGxpdHRpbWVzKHN0ciwgYykKTS0+PkZGQTogQ2FsbCBmdF9mcmVlX2FycmF5KHJlc3VsdCkKYWx0IGlmIHJlc3VsdCBpcyBOVUxMCkZGQS0tPj5NOiBSZXR1cm4gTlVMTAplbHNlIE90aGVyd2lzZQpGRkEtLT4+TTogRnJlZSByZXN1bHQgYXJyYXkgYW5kIHJldHVybiBOVUxMCmVuZA==
A38: 0 | B38: 248 | C38: 1725 | D38: 1973 | E38: sequenceDiagram participant M as main() participant FS as ft_strlen() participant FM as ft_memcpy() participant FS1 as ft_substr() participant FMSS as ft_move_splitstart() participant FGSL as ft_get_splitlen() participant FGST as ft_get_splittimes() participant FFA as ft_free_array() M->>ft_split: Call ft_split(str, '|') alt str is NULL ft_split-->>M: NULL else Otherwise note over ft_split: Calculate split count loop for each split ft_split->>FMSS: Call ft_move_splitstart() alt if *str == ' ' null FMSS-->>ft_split: Move to next split else Otherwise ft_split->>FGSL: Call ft_get_splitlen() FGSL-->>ft_split: Get split length note over ft_split: Create substring end end alt if result is NULL ffs-->>ft_split: Free the allocated memory ft_split-->>M: Return the result array end end M->>main: Print the result | F38: N/A
A39: 0 | B39: 237 | C39: 1725 | D39: 1962 | E39: sequenceDiagram participant M as main() participant FS as ft_strlen() participant FM as ft_memcpy() participant FSB as ft_substr() participant FSS as ft_split() M->>FSS: Call ft_split(str, '|') alt str is not NULL FS->>FS: initialize i = 0 loop while str[i] != '\0' FS-->>FSS: return i alt size <= start FSB-->>FSS: return NULL else size = size - start FSB->>FSB: Call malloc() FM->>FM: Copy memory note over FSB: Copy substring to new memory space FSB-->>FSS: return result end end note over FSS: Count split occurrence times FSS->>FSS: Move split start note over FSS: Calculate split length note over FSS: Allocate and copy each substring FSS-->>M: return result M->>M: Print the result | F39: N/A
A40: 0 | B40: 1297 | C40: 1725 | D40: 3022 | F40: N/A
A41: 1 | B41: 317 | C41: 1725 | D41: 2042 | E41: sequenceDiagram participant M as main() participant FS as ft_strlen() participant FM as ft_memcpy() participant FSub as ft_substr() participant FMSS as ft_move_splitstart() participant FGSL as ft_get_splitlen() participant FGST as ft_get_splittimes() participant FFA as ft_free_array() M->>FSub: Call ft_substr(str, 0, split_len) FSub->>FM: Call ft_memcpy(result, str + start, size) FMSS->>FGSL: Call ft_get_splitlen(str, c) FGSL-->>FMSS: Return split_len FGST->>FMSS: Call ft_move_splitstart(str, c) FMSS-->>FGST: Return result M->>FS: Call ft_strlen(str) FS-->>M: Return size M->>FM: Call ft_memcpy(result, str + start, size) FM-->>M: Return dst M->>FGST: Call ft_get_splittimes(str, c) FGST-->>M: Return split_count alt result[result_i] is NULL result[result_i]->>FFA: Call ft_free_array(result) FFA-->>result[result_i]: Return NULL end alt result[result_i] is not NULL result[result_i]->>M: Return array of strings end M->>P: Print the resulting strings | F41: https://mermaid.ink/img/JSV7aW5pdDp7J3RoZW1lJzonZm9yZXN0J319JSUKc2VxdWVuY2VEaWFncmFtCnBhcnRpY2lwYW50IE0gYXMgbWFpbigpCnBhcnRpY2lwYW50IEZTIGFzIGZ0X3N0cmxlbigpCnBhcnRpY2lwYW50IEZNIGFzIGZ0X21lbWNweSgpCnBhcnRpY2lwYW50IEZTdWIgYXMgZnRfc3Vic3RyKCkKcGFydGljaXBhbnQgRk1TUyBhcyBmdF9tb3ZlX3NwbGl0c3RhcnQoKQpwYXJ0aWNpcGFudCBGR1NMIGFzIGZ0X2dldF9zcGxpdGxlbigpCnBhcnRpY2lwYW50IEZHU1QgYXMgZnRfZ2V0X3NwbGl0dGltZXMoKQpwYXJ0aWNpcGFudCBGRkEgYXMgZnRfZnJlZV9hcnJheSgpCk0tPj5GU3ViOiBDYWxsIGZ0X3N1YnN0cihzdHIsIDAsIHNwbGl0X2xlbikKRlN1Yi0+PkZNOiBDYWxsIGZ0X21lbWNweShyZXN1bHQsIHN0ciArIHN0YXJ0LCBzaXplKQpGTVNTLT4+RkdTTDogQ2FsbCBmdF9nZXRfc3BsaXRsZW4oc3RyLCBjKQpGR1NMLS0+PkZNU1M6IFJldHVybiBzcGxpdF9sZW4KRkdTVC0+PkZNU1M6IENhbGwgZnRfbW92ZV9zcGxpdHN0YXJ0KHN0ciwgYykKRk1TUy0tPj5GR1NUOiBSZXR1cm4gcmVzdWx0Ck0tPj5GUzogQ2FsbCBmdF9zdHJsZW4oc3RyKQpGUy0tPj5NOiBSZXR1cm4gc2l6ZQpNLT4+Rk06IENhbGwgZnRfbWVtY3B5KHJlc3VsdCwgc3RyICsgc3RhcnQsIHNpemUpCkZNLS0+Pk06IFJldHVybiBkc3QKTS0+PkZHU1Q6IENhbGwgZnRfZ2V0X3NwbGl0dGltZXMoc3RyLCBjKQpGR1NULS0+Pk06IFJldHVybiBzcGxpdF9jb3VudAphbHQgcmVzdWx0W3Jlc3VsdF9pXSBpcyBOVUxMCnJlc3VsdFtyZXN1bHRfaV0tPj5GRkE6IENhbGwgZnRfZnJlZV9hcnJheShyZXN1bHQpCkZGQS0tPj5yZXN1bHRbcmVzdWx0X2ldOiBSZXR1cm4gTlVMTAplbmQKYWx0IHJlc3VsdFtyZXN1bHRfaV0gaXMgbm90IE5VTEwKcmVzdWx0W3Jlc3VsdF9pXS0+Pk06IFJldHVybiBhcnJheSBvZiBzdHJpbmdzCmVuZApNLT4+UDogUHJpbnQgdGhlIHJlc3VsdGluZyBzdHJpbmdz
A42: 0 | B42: 420 | C42: 1725 | D42: 2145 | E42: sequenceDiagram participant M as main() participant FS as ft_strlen() participant FM as ft_memcpy() participant FSU as ft_substr() participant MSS as ft_move_splitstart() participant GSL as ft_get_splitlen() participant GST as ft_get_splittimes() participant FA as ft_free_array() M->>fs: Call ft_split(str, c) alt str is NULL fs-->>M: Return NULL else str is not NULL M->>GST: Call ft_get_splittimes(str, c) note over GST: Initialize elem = 0 loop while str is not NULL GST->>MSS: Call ft_move_splitstart(str, c) note over MSS: Initialize count = 0 MSS->>MSS: Count spaces MSS-->>GST GST->>MSS: Call ft_get_splitlen(str, c) note over GSL: Initialize count = 0 loop while char is not NULL and not equal to c GSL-->>GSL: Increment count end GSL-->>GST GST-->>M: Return count end M->>malloc: Allocate memory for result malloc-->>M: Return pointer to result M->>result[i]: Call ft_substr(str, 0, split_len) note over FSU: Allocate memory for result[i] alt if result[i] is NULL result[i]-->>result: Free all previous allocated memory result-->>M: Return NULL else result[i] is not NULL result[i]-->>M: Return pointer to result[i] end M-->>M: Move to next split position end M->>printf: Print the result printf-->>M: split this for me ! | F42: N/A
A43: 0 | B43: 320 | C43: 1725 | D43: 2045 | E43: sequenceDiagram participant M as main() participant FS as ft_strlen() participant FM as ft_memcpy() participant FSB as ft_substr() participant FMSS as ft_move_splitstart() participant FGS as ft_get_splitlen() participant FGST as ft_get_splittimes() participant FFA as ft_free_array() M->>FS: Call ft_strlen(str) alt size is less than or equal to start note over FSB: size = 0 else note over FSB: size = size - start alt size is greater than len note over FSB: size = len end end FS-->>M: return size M->>FM: Call ft_memcpy(result, str + start, size) FM-->>M: return result group Free array and return null M->>FFA: Call ft_free_array(result) FFA-->>M: Return NULL end M->>FMSS: Call ft_move_splitstart(str, c) FMSS-->>M: Return count M->>FGS: Call ft_get_splitlen(str, c) FGS-->>M: Return count M->>FGST: Call ft_get_splittimes(str, c) FGST-->>M: Return elem M->>FFA: Call ft_free_array(result) FFA-->>M: Return NULL | F43: N/A
A44: 0 | B44: 409 | C44: 1725 | D44: 2134 | E44: sequenceDiagram participant M as main() participant FSL as ft_strlen() participant FMC as ft_memcpy() participant FS as ft_substr() participant FMSS as ft_move_splitstart() participant FGSL as ft_get_splitlen() participant FGST as ft_get_splittimes() participant FFA as ft_free_array() M->>ft_split: Call ft_split(str, '|') ft_split->>FMSS: Call ft_move_splitstart(str, '|') loop while str[count] && str[count] == '|' FMSS-->>ft_split: return count ft_split->>FGST: Call ft_get_splittimes(str, '|') loop while *str != '\0' FGST->>FMSS: Call ft_move_splitstart(str, '|') note over FMSS: count++ FGST->>FGSL: Call ft_get_splitlen(str, '|') note over FGSL: count++ FGST-->>FGSL: return count end FTS-->>ft_split: return elem alt if !str ft_split-->>M: return NULL else Otherwise ft_split->>malloc: Allocate memory for result malloc-->>ft_split: result end M->>printf: Iterate over result and print each string printf-->>M: Print the strings FMC-->>ft_split: Copy substring to result FS-->>FMC: Return result alt if !result[result_i] ft_split-->>FFA: Call ft_free_array(result) note over FFA: Free allocated memory FFA-->>ft_split: return NULL else Otherwise note over FMC: Increment result_i end M-->> ff_split: Return resul | F44: N/A
A45: 0 | B45: 320 | C45: 1725 | D45: 2045 | E45: sequenceDiagram participant M as main() participant FS as ft_strlen() participant FM as ft_memcpy() participant FSS as ft_substr() participant FMSS as ft_move_splitstart() participant FGSL as ft_get_splitlen() participant FGST as ft_get_splittimes() participant FFA as ft_free_array() M->>ft_split: Call ft_split(str, '|') alt str is NULL ft_split-->>M: Return NULL else Otherwise note over ft_split:Allocate memory for result loop for each split FSS->>FMSS: Call ft_move_splitstart(str, '|') FMSS->>FMSS: Move split start alt if *str is NULL ft_split-->>M: Return NULL else FMSS->>FGSL: Call ft_get_splitlen(str, '|') FGSL-->>FMSS: Return split len FSS->>ft_substr: Call ft_substr(str, 0, split_len) alt if result[result_i] is NULL ft_split-->>M: Return ft_free_array(result) else FSS-->>ft_split: Return substring end FMSS->>str: Move to next split alt if result[result_i] is NULL ft_split-->>M: Return ft_free_array(result) end end ft_split-->>M: Return result end M->>printf: Print result[] | F45: N/A
A46: 0 | B46: 285 | C46: 1725 | D46: 2010 | E46: sequenceDiagram participant M as main() participant FS as ft_strlen() participant FM as ft_memcpy() participant FSU as ft_substr() participant FMSS as ft_move_splitstart() participant FGSL as ft_get_splitlen() participant FGST as ft_get_splittimes() participant FFA as ft_free_array() M->>FS: call ft_strlen(str) alt size <= start FS-->>M: return 0 else size > start M->>FSU: call ft_substr(str, start, len) note over FSU: allocate result M->>FM: call ft_memcpy(result, str+start, size) note over FM: copy substring to result FM-->>M: return result M->>FGST: call ft_get_splittimes(str, c) note over FGST: count the occurrences of c M->>FMSS: call ft_move_splitstart(str, c) alt str == FMSS-->>M: return 0 else str != FMSS-->>FGSL: call ft_get_splitlen(str, c) end FGSL-->>M: return count M->>FFA: call ft_free_array(result) | F46: N/A
A47: 0 | B47: 189 | C47: 1725 | D47: 1914 | E47: sequenceDiagram participant M as main() participant SL as ft_split() participant MF as ft_free_array() participant FS as ft_substr() M->>SL: Call ft_split(str, '|') alt str != NULL SL->>SL: Calculate split count loop for each split alt result_i = 1 SL->>FS: Call ft_substr( | F47: N/A
A48: 0 | B48: 552 | C48: 1725 | D48: 2277 | E48: sequenceDiagram participant M as main() participant FS as ft_strlen() participant FM as ft_memcpy() participant FSB1 as ft_substr() participant FSB2 as ft_substr() participant FMSS as ft_move_splitstart() participant FGSL as ft_get_splitlen() participant FGST as ft_get_splittimes() participant FFA as ft_free_array() M->>FS: Call ft_strlen() alt if str is NULL note over FS: Return NULL else Otherwise note over FS: Initialize i = 0 loop while str[i] != '\0' note over FS: Increment i end note over FS: Return i FS-->>M: Return i M->>FM: Call ft_memcpy() FM-->>M: Return dst M->>FSB1: Call ft_substr() alt if str is NULL note over FSB1: Return NULL else Otherwise note over FSB1: Initialize size alt if size <= start note over FSB1: size = 0 else note over FSB1: size = size - start alt if size > len note over FSB1: size = len else note over FSB1: Continue end end note over FSB1: Allocate memory note over FSB1: Copy substring into result note over FSB1: Terminate result with '\0' FSB1-->>M: Return result M->>FMSS: Call ft_move_splitstart() note over FMSS: Initialize count loop while str[count] and str[c] == c note over FMSS: Increment count end FMSS-->>M: Return count M->>FGSL: Call ft_get_splitlen() note over FGSL: Initialize count loop while str[count] and str[c] != c note over FGSL: Increment count end FGSL-->>M: Return count M->>FGST: Call ft_get_splittimes() alt if *str == '\0' note over FGST: Return 0 else note over FGST: Move to next substring note over FGST: Increment elem end FGST-->>M: Return elem M->>FFA: Call ft_free_array() loop while result[i] note over FFA: Free memory end note over FFA: Free result note over M: Print the result end | F48: N/A
